date,opponent,result,w-l,hi_rebounds,hi_assists,season,hi_points_player,hi_points_scored
"Thu, 28 Oct",Houston,W132-128,1-0,Lee  15,Curry  11,2010/2011,Ellis,46
"Sat, 30 Oct",Los Angeles,W109-91,2-0,Lee  12,Ellis  11,2010/2011,Wright,24
"Mon, 1 Nov",Los Angeles,L107-83,2-1,Carney  8,Biedrins  4,2010/2011,Ellis,20
"Thu, 4 Nov",Memphis,W115-109,3-1,Lee  16,Ellis  8,2010/2011,Ellis,39
"Sat, 6 Nov",Utah,W85-78,4-1,Biedrins  20,Curry  6,2010/2011,Ellis,23
"Sun, 7 Nov",Detroit,L102-97,4-2,Biedrins  13,Curry  6,2010/2011,Ellis,24
"Tue, 9 Nov",Toronto,W109-102,5-2,Lee  12,Curry  4,2010/2011,Curry,34
"Thu, 11 Nov",New York,W122-117,6-2,Lee  10,Curry  8,2010/2011,Lee,28
"Fri, 12 Nov",Chicago,L120-90,6-3,Wright  8,Curry  6,2010/2011,Ellis,24
"Sun, 14 Nov",Milwaukee,L79-72,6-4,Biedrins  9,Ellis  8,2010/2011,Ellis,24
"Tue, 16 Nov",Detroit,W101-97,7-4,Gadzuric  11,Wright  6,2010/2011,Ellis,27
"Sat, 20 Nov",New York,L125-119,7-5,Biedrins  8,Curry  8,2010/2011,Ellis,40
"Mon, 22 Nov",Los Angeles,L117-89,7-6,Adrien  10,Ellis  3,2010/2011,Wright,16
"Tue, 23 Nov",Denver,L106-89,7-7,Gadzuric  11,Curry  5,2010/2011,Ellis,20
"Thu, 25 Nov",Houston,L111-101,7-8,Biedrins  10,Curry  6,2010/2011,Wright,24
"Sat, 27 Nov",Memphis,L116-111,7-9,Biedrins  21,Ellis  8,2010/2011,Biedrins,28
"Sun, 28 Nov",Minnesota,W104-94,8-9,Biedrins  12,Ellis  11,2010/2011,Wright,30
"Wed, 1 Dec",San Antonio,L118-98,8-10,Biedrins  18,Curry  5,2010/2011,Curry,32
"Fri, 3 Dec",Phoenix,L107-101,8-11,Wright  10,Ellis  7,2010/2011,Ellis,38
"Mon, 6 Dec",Oklahoma City,L114-109,8-12,Wright  11,Curry  6,2010/2011,Curry,39
"Wed, 8 Dec",Dallas,L105-100,8-13,Wright  11,Lee  7,2010/2011,Curry,21
"Thu, 9 Dec",San Antonio,L111-94,8-14,Lee  13,Ellis  6,2010/2011,Williams,31
"Sat, 11 Dec",Miami,L106-84,8-15,Wright  10,Ellis  7,2010/2011,Ellis,20
"Tue, 14 Dec",Utah,L108-95,8-16,Lee  12,Williams  6,2010/2011,Wright,20
"Wed, 15 Dec",Minnesota,W108-99,9-16,Biedrins  12,Ellis  6,2010/2011,Ellis,34
"Sun, 19 Dec",Portland,L96-95,9-17,Lee  11,Ellis  5,2010/2011,Ellis,26
"Tue, 21 Dec",Houston,L121-112,9-18,Amundson  7,Ellis  7,2010/2011,Ellis,44
"Wed, 22 Dec",Sacramento,W117-109 OT,10-18,Lee  12,Ellis  7,2010/2011,Ellis,36
"Sun, 26 Dec",Portland,W109-102,11-18,Wright  8,Curry  11,2010/2011,Ellis,39
"Tue, 28 Dec",Philadelphia,W110-95,12-18,Lee  16,Ellis  12,2010/2011,Wright,28
"Thu, 30 Dec",Atlanta,L103-93,12-19,Wright  11,Curry  12,2010/2011,Wright,32
"Fri, 31 Dec",Charlotte,W96-95,13-19,Lee  8,Ellis  5,2010/2011,Ellis,25
"Sun, 2 Jan",Miami,L114-107,13-20,Lee  12,Ellis  7,2010/2011,Wright,30
"Tue, 4 Jan",Orlando,L110-90,13-21,Ellis  7,Curry  5,2010/2011,Ellis,20
"Thu, 6 Jan",New Orleans,W110-103,14-21,Amundson  12,Curry  5,2010/2011,Ellis,29
"Sat, 8 Jan",Cleveland,W116-98,15-21,Lee  14,Ellis  10,2010/2011,Ellis,32
"Sun, 9 Jan",Los Angeles,L105-91,15-22,Gadzuric  7,Ellis  6,2010/2011,Wright,27
"Thu, 13 Jan",Los Angeles,L115-110,15-23,Wright  7,Curry  10,2010/2011,Ellis,38
"Sat, 15 Jan",Los Angeles,W122-112,16-23,Lee  9,Ellis  6,2010/2011,Ellis,30
"Mon, 17 Jan",New Jersey,W109-100,17-23,Lee  10,Ellis  9,2010/2011,Ellis,26
"Thu, 20 Jan",Indiana,W110-108,18-23,Lee  9,Curry  8,2010/2011,Ellis,36
"Sat, 22 Jan",Sacramento,W119-112 OT,19-23,Wright  12,Ellis  9,2010/2011,Curry,34
"Sun, 23 Jan",Los Angeles,L113-109,19-24,Lee  15,Curry  8,2010/2011,Curry,32
"Tue, 25 Jan",San Antonio,L113-102,19-25,Lee  12,Wright  9,2010/2011,Lee,31
"Thu, 27 Jan",New Orleans,L112-103,19-26,Lee  10,Curry  6,2010/2011,Ellis,26
"Sat, 29 Jan",Charlotte,L121-113 OT,19-27,Biedrins  12,Wright  6,2010/2011,Curry,27
"Mon, 31 Jan",Utah,W96-81,20-27,Amundson  11,Curry  7,2010/2011,Curry,27
"Fri, 4 Feb",Milwaukee,W100-94,21-27,Biedrins  10,Ellis  6,2010/2011,Ellis,24
"Sun, 6 Feb",Chicago,W101-90,22-27,Biedrins  8,Curry  8,2010/2011,Ellis,33
"Tue, 8 Feb",Phoenix,L104-92,22-28,Ellis  12,Curry  8,2010/2011,Ellis,21
"Thu, 10 Feb",Denver,W116-114,23-28,Lee  12,Wright  8,2010/2011,Ellis,37
"Fri, 11 Feb",Phoenix,L112-88,23-29,Udoh  7,Williams  6,2010/2011,Udoh,16
"Mon, 14 Feb",Oklahoma City,W100-94,24-29,Lee  19,Curry  13,2010/2011,Ellis,33
"Wed, 16 Feb",New Orleans,W102-89,25-29,Udoh  7,Curry  8,2010/2011,Ellis,21
"Thu, 17 Feb",Utah,W107-100,26-29,Biedrins  9,Ellis  7,2010/2011,Ellis,35
"Wed, 23 Feb",Boston,L115-93,26-30,Wright  6,Law  5,2010/2011,Wright,19
"Sat, 26 Feb",Atlanta,L95-79,26-31,Lee  10,Ellis  5,2010/2011,Lee,20
"Sun, 27 Feb",Minnesota,L126-123,26-32,Curry  11,Ellis  8,2010/2011,Curry,33
"Wed, 2 Mar",Indiana,L109-100,26-33,Lee  11,Curry  7,2010/2011,Williams,25
"Thu, 3 Mar",Washington,W106-102,27-33,Lee  16,Lee  6,2010/2011,Curry,29
"Sat, 5 Mar",Boston,L107-103,27-34,Lee  12,Curry  5,2010/2011,Ellis,41
"Sun, 6 Mar",Philadelphia,L125-117 OT,27-35,Lee  14,Curry  7,2010/2011,Ellis,27
"Wed, 9 Mar",Cleveland,W95-85,28-35,Lee  14,Ellis  7,2010/2011,Ellis,24
"Thu, 10 Mar",New Jersey,L94-90,28-36,Lee  10,Ellis  4,2010/2011,Lee,17
"Sat, 12 Mar",Orlando,W123-120 OT,29-36,Ellis  6,Curry  12,2010/2011,Ellis,39
"Mon, 14 Mar",Minnesota,W100-77,30-36,Curry  9,Curry  6,2010/2011,Curry,24
"Tue, 15 Mar",Sacramento,L129-119,30-37,Radmanovic  4,Ellis  9,2010/2011,Thornton,23
"Thu, 17 Mar",Dallas,L112-106,30-38,Lee  9,Ellis  11,2010/2011,Ellis,26
"Sat, 19 Mar",Phoenix,L108-97,30-39,Lee  10,Curry  5,2010/2011,Wright,30
"Sun, 20 Mar",Dallas,L101-73,30-40,Lee  12,Curry  6,2010/2011,Ellis,18
"Tue, 22 Mar",San Antonio,L111-96,30-41,Lee  9,Ellis  4,2010/2011,Udoh,15
"Thu, 24 Mar",Houston,L131-112,30-42,Lee  9,Wright  6,2010/2011,Wright,34
"Sat, 26 Mar",Toronto,W138-100,31-42,Lee  7,Ellis  10,2010/2011,Ellis,27
"Mon, 28 Mar",Washington,W114-104,32-42,Lee  12,Ellis  13,2010/2011,Ellis,37
"Wed, 30 Mar",Oklahoma City,L115-114 OT,32-43,Lee  15,Ellis  11,2010/2011,Curry,35
"Thu, 31 Mar",Memphis,L110-91,32-44,Lee  9,Curry  9,2010/2011,Ellis,16
"Sun, 3 Apr",Dallas,W99-92,33-44,Amundson  10,Curry  8,2010/2011,Ellis,32
"Wed, 6 Apr",Portland,W108-87,34-44,Lee  20,Ellis  5,2010/2011,Ellis,30
"Thu, 7 Apr",Los Angeles,W95-87,35-44,Lee  17,Ellis  6,2010/2011,Ellis,26
"Mon, 11 Apr",Sacramento,L104-103,35-45,Lee  14,Curry  8,2010/2011,Curry,27
"Tue, 12 Apr",Denver,L134-111,35-46,Amundson  6,Curry  5,2010/2011,Curry,27
"Thu, 14 Apr",Portland,W110-86,36-46,Udoh  8,Curry  9,2010/2011,Williams,28
"Mon, 26 Dec",Los Angeles,L105-86,0-1,Lee  12,Ellis  8,2011/2012,Lee,21
"Tue, 27 Dec",Chicago,W99-91,1-1,Lee  7,Curry  10,2011/2012,Ellis,26
"Thu, 29 Dec",New York,W92-78,2-1,Brown  10,Ellis  8,2011/2012,Ellis,22
"Sun, 1 Jan",Philadelphia,L107-79,2-2,Udoh  9,Smith  5,2011/2012,Curry,21
"Mon, 2 Jan",Phoenix,L102-91,2-3,McGuire  9,Ellis  11,2011/2012,Ellis,18
"Thu, 5 Jan",San Antonio,L101-95,2-4,Lee  10,Curry  8,2011/2012,Ellis,38
"Sat, 7 Jan",Los Angeles,L97-90,2-5,Lee  11,Ellis  10,2011/2012,Ellis,18
"Sun, 8 Jan",Utah,L88-87,2-6,Lee  15,Ellis  6,2011/2012,Ellis,32
"Wed, 11 Jan",Miami,W111-106 OT,3-6,Lee  14,Robinson  5,2011/2012,Robinson,24
"Fri, 13 Jan",Orlando,L117-109,3-7,Lee  12,Ellis  11,2011/2012,Ellis,30
"Sun, 15 Jan",Charlotte,L112-100,3-8,Lee  16,Ellis  6,2011/2012,Lee,24
"Sun, 15 Jan",Detroit,W99-91,4-8,Wright  11,Ellis  7,2011/2012,Lee,24
"Wed, 18 Jan",Cleveland,W105-95,5-8,Biedrins  11,Robinson  10,2011/2012,Lee,29
"Thu, 19 Jan",New Jersey,L107-100,5-9,Lee  11,Robinson  7,2011/2012,Ellis,30
"Sat, 21 Jan",Indiana,L94-91,5-10,Lee  14,Ellis  6,2011/2012,Ellis,25
"Tue, 24 Jan",Memphis,L91-90,5-11,Lee  12,Robinson  6,2011/2012,Ellis,20
"Thu, 26 Jan",Portland,W101-93,6-11,Udoh  7,Ellis  12,2011/2012,Curry,32
"Sat, 28 Jan",Oklahoma City,L120-109,6-12,Wright  9,Curry  6,2011/2012,Wright,23
"Wed, 1 Feb",Sacramento,W93-90,7-12,Rush  6,Curry  8,2011/2012,Rush,20
"Fri, 3 Feb",Utah,W119-101,8-12,Lee  14,Curry  12,2011/2012,Ellis,33
"Sun, 5 Feb",Sacramento,L114-106 OT,8-13,Lee  5,Curry  9,2011/2012,Wright,24
"Wed, 8 Feb",Oklahoma City,L119-116,8-14,Lee  11,Lee  10,2011/2012,Ellis,48
"Fri, 10 Feb",Denver,W109-101,9-14,Lee  8,Curry  7,2011/2012,Curry,36
"Mon, 13 Feb",Houston,W106-97,10-14,Lee  13,Ellis  7,2011/2012,Ellis,33
"Tue, 14 Feb",Phoenix,W102-96,11-14,Lee  12,Curry  5,2011/2012,Lee,28
"Thu, 16 Feb",Portland,L93-91,11-15,Lee  11,Curry  8,2011/2012,Lee,29
"Sat, 18 Feb",Oklahoma City,L110-87,11-16,Wright  11,Curry  4,2011/2012,Lee,23
"Sun, 19 Feb",Memphis,L104-103,11-17,Lee  9,Curry  6,2011/2012,Curry,36
"Tue, 21 Feb",Los Angeles,W104-97,12-17,Lee  13,Curry  6,2011/2012,Ellis,32
"Thu, 23 Feb",Phoenix,W106-104,13-17,McGuire  9,Ellis  6,2011/2012,Ellis,26
"Wed, 29 Feb",Indiana,L102-78,13-18,Rush  7,Lee  4,2011/2012,Rush,14
"Thu, 1 Mar",Atlanta,W85-82,14-18,McGuire  15,Ellis  8,2011/2012,Ellis,24
"Sat, 3 Mar",Philadelphia,L105-83,14-19,Lee  15,Ellis  7,2011/2012,Lee,24
"Sun, 4 Mar",Toronto,L83-75,14-20,Lee  12,Ellis  7,2011/2012,Lee,22
"Tue, 6 Mar",Washington,W120-100,15-20,Lee  10,Ellis  8,2011/2012,Ellis,25
"Thu, 8 Mar",Memphis,L110-92,15-21,Thompson  6,Udoh  4,2011/2012,Thompson,16
"Sun, 11 Mar",Dallas,W111-87,16-21,Lee  9,Ellis  8,2011/2012,Lee,25
"Mon, 12 Mar",Los Angeles,W97-93,17-21,Lee  10,Ellis  11,2011/2012,Ellis,21
"Wed, 14 Mar",Sacramento,W115-89,18-21,Wright  10,Thompson  5,2011/2012,Lee,17
"Thu, 15 Mar",Boston,L105-103,18-22,Lee  8,Robinson  11,2011/2012,Thompson,26
"Sat, 17 Mar",Milwaukee,L120-98,18-23,Lee  9,Robinson  6,2011/2012,Lee,22
"Sun, 18 Mar",Utah,L99-92 OT,18-24,Wright  10,Robinson  4,2011/2012,Robinson,19
"Tue, 20 Mar",Minnesota,L97-93,18-25,Lee  9,Robinson  7,2011/2012,Lee,25
"Thu, 22 Mar",New Orleans,W101-92,19-25,Lee  11,Robinson  10,2011/2012,Thompson,27
"Fri, 23 Mar",Houston,L109-83,19-26,McGuire  6,Jenkins  6,2011/2012,Jefferson,14
"Sun, 25 Mar",Sacramento,W111-108,20-26,Lee  14,Lee  9,2011/2012,Thompson,31
"Mon, 26 Mar",Portland,L90-87,20-27,Lee  16,Jenkins  6,2011/2012,Jenkins,27
"Wed, 28 Mar",Los Angeles,L104-101,20-28,Lee  9,Thompson  7,2011/2012,Lee,23
"Thu, 29 Mar",New Orleans,L102-87,20-29,Lee  7,Robinson  6,2011/2012,Lee,28
"Sat, 31 Mar",New Jersey,L102-100,20-30,McGuire  9,Jenkins  12,2011/2012,Lee,27
"Mon, 2 Apr",Los Angeles,L120-112,20-31,Lee  6,Lee  7,2011/2012,Lee,27
"Wed, 4 Apr",Memphis,L98-94,20-32,Lee  13,Robinson  5,2011/2012,Lee,22
"Thu, 5 Apr",Minnesota,W97-94,21-32,Lee  8,Jenkins  7,2011/2012,Lee,31
"Sat, 7 Apr",Utah,L104-98,21-33,Lee  12,Jenkins  7,2011/2012,Lee,26
"Sun, 8 Apr",Denver,W112-97,22-33,Lee  9,Jenkins  8,2011/2012,Rush,20
"Tue, 10 Apr",Denver,L123-84,22-34,Gladness  5,Robinson  5,2011/2012,Thompson,17
"Thu, 12 Apr",Portland,L118-110,22-35,Lee  14,Robinson  8,2011/2012,Lee,21
"Fri, 13 Apr",Dallas,L112-103,22-36,Lee  8,Thompson  8,2011/2012,Lee,30
"Sat, 14 Apr",Los Angeles,L112-104,22-37,McGuire  11,Robinson  8,2011/2012,Robinson,28
"Tue, 17 Apr",San Antonio,L120-99,22-38,Tyler  10,Robinson  7,2011/2012,Robinson,30
"Thu, 19 Apr",Los Angeles,L99-87,22-39,Wright  7,Jenkins  11,2011/2012,Thompson,17
"Sat, 21 Apr",Dallas,L104-94,22-40,Rush  8,Jenkins  10,2011/2012,Thompson,26
"Sun, 22 Apr",Houston,L99-96,22-41,Rush  7,Jenkins  8,2011/2012,Thompson,24
"Mon, 23 Apr",Minnesota,W93-88,23-41,Rush  9,Jenkins  9,2011/2012,Jenkins,24
"Wed, 25 Apr",New Orleans,L83-81,23-42,Tyler  8,Jenkins  10,2011/2012,Thompson,16
"Thu, 1 Nov",Phoenix,W87-85,1-0,Lee  9,Jack  7,2012/2013,Landry,17
"Sat, 3 Nov",Memphis,L104-94,1-1,Lee  7,Curry  7,2012/2013,Curry,26
"Sun, 4 Nov",Los Angeles,W114-110,2-1,Lee  12,Jack  7,2012/2013,Landry,23
"Tue, 6 Nov",Sacramento,L94-92,2-2,Thompson  7,Curry  8,2012/2013,Thompson,22
"Thu, 8 Nov",Cleveland,W106-96,3-2,Lee  14,Lee  6,2012/2013,Lee,22
"Sat, 10 Nov",Los Angeles,L101-77,3-3,Lee  12,Curry  5,2012/2013,Curry,18
"Sun, 11 Nov",Denver,L107-101 2OT,3-4,Landry  9,Lee  5,2012/2013,Thompson,23
"Thu, 15 Nov",Atlanta,W92-88,4-4,Barnes  13,Curry  7,2012/2013,Barnes,19
"Sat, 17 Nov",Minnesota,W106-98,5-4,Lee  13,Curry  6,2012/2013,Lee,18
"Mon, 19 Nov",Oklahoma City,L119-109,5-5,Lee  10,Curry  6,2012/2013,Curry,22
"Tue, 20 Nov",Dallas,W105-101 OT,6-5,Lee  19,Curry  9,2012/2013,Curry,31
"Thu, 22 Nov",Brooklyn,W102-93,7-5,Lee  13,Jack  9,2012/2013,Curry,25
"Sat, 24 Nov",Denver,L102-91,7-6,Lee  10,Landry  4,2012/2013,Lee,21
"Sun, 25 Nov",Minnesota,W96-85,8-6,Barnes  11,Curry  6,2012/2013,Thompson,24
"Fri, 30 Nov",Denver,W106-105,9-6,Lee  9,Curry  10,2012/2013,Lee,31
"Sun, 2 Dec",Indiana,W103-92,10-6,Lee  12,Curry  11,2012/2013,Thompson,22
"Tue, 4 Dec",Orlando,L102-94,10-7,Landry  10,Curry  11,2012/2013,Curry,25
"Thu, 6 Dec",Detroit,W104-97,11-7,Lee  11,Curry  10,2012/2013,Thompson,27
"Sat, 8 Dec",Brooklyn,W109-102,12-7,Lee  15,Jack  8,2012/2013,Lee,30
"Sun, 9 Dec",Washington,W101-97,13-7,Lee  17,Thompson  5,2012/2013,Lee,24
"Tue, 11 Dec",Charlotte,W104-96,14-7,Lee  11,Curry  7,2012/2013,Curry,27
"Thu, 13 Dec",Miami,W97-95,15-7,Lee  14,Curry  7,2012/2013,Thompson,27
"Sat, 15 Dec",Orlando,L99-85,15-8,Lee  15,Jack  6,2012/2013,Curry,25
"Sun, 16 Dec",Atlanta,W115-93,16-8,Lee  11,Curry  11,2012/2013,Lee,20
"Wed, 19 Dec",New Orleans,W103-96,17-8,Lee  9,Jack  10,2012/2013,Lee,26
"Thu, 20 Dec",Sacramento,L131-127,17-9,Lee  8,Lee  5,2012/2013,Curry,32
"Sat, 22 Dec",Charlotte,W115-100,18-9,Lee  11,Lee  11,2012/2013,Curry,27
"Sun, 23 Dec",Los Angeles,L118-115 OT,18-10,Lee  11,Jack  11,2012/2013,Jack,29
"Thu, 27 Dec",Utah,W94-83,19-10,Biedrins  12,Curry  7,2012/2013,Curry,23
"Sat, 29 Dec",Philadelphia,W96-89,20-10,Lee  12,Jack  6,2012/2013,Lee,25
"Sun, 30 Dec",Boston,W101-83,21-10,Barnes  8,Curry  9,2012/2013,Curry,22
"Thu, 3 Jan",Los Angeles,W115-94,22-10,Lee  13,Curry  8,2012/2013,Curry,31
"Sun, 6 Jan",Los Angeles,L115-89,22-11,Green  8,Curry  5,2012/2013,Thompson,14
"Thu, 10 Jan",Memphis,L94-87,22-12,Lee  10,Thompson  7,2012/2013,Curry,24
"Sat, 12 Jan",Portland,W103-97,23-12,Lee  10,Curry  12,2012/2013,Lee,24
"Mon, 14 Jan",Denver,L116-105,23-13,Lee  13,Jack  8,2012/2013,Curry,29
"Thu, 17 Jan",Miami,L92-75,23-14,Lee  11,Bazemore  5,2012/2013,Jack,16
"Sat, 19 Jan",San Antonio,L95-88,23-15,Barnes  8,Jack  10,2012/2013,Lee,22
"Sun, 20 Jan",New Orleans,W116-112,24-15,Landry  11,Jack  12,2012/2013,Thompson,29
"Mon, 21 Jan",Los Angeles,W106-99,25-15,Lee  11,Jack  10,2012/2013,Curry,28
"Thu, 24 Jan",Oklahoma City,W104-99,26-15,Lee  12,Jack  8,2012/2013,Curry,31
"Sat, 26 Jan",Chicago,L103-87,26-16,Thompson  8,Jack  5,2012/2013,Lee,23
"Sun, 27 Jan",Milwaukee,L109-102,26-17,Lee  15,Jack  10,2012/2013,Curry,26
"Tue, 29 Jan",Toronto,W114-102,27-17,Lee  12,Lee  7,2012/2013,Lee,21
"Wed, 30 Jan",Cleveland,W108-95,28-17,,,2012/2013,,
"Fri, 1 Feb",Dallas,W100-97,29-17,Lee  20,Lee  9,2012/2013,Thompson,27
"Sun, 3 Feb",Phoenix,W113-93,30-17,Lee  12,Curry  8,2012/2013,Curry,29
"Wed, 6 Feb",Houston,L140-109,30-18,Bogut  9,Curry  9,2012/2013,Jack,20
"Thu, 7 Feb",Oklahoma City,L119-98,30-19,Lee  11,Curry  11,2012/2013,Thompson,19
"Sat, 9 Feb",Memphis,L99-93,30-20,Barnes  7,Curry  8,2012/2013,Curry,32
"Sun, 10 Feb",Dallas,L116-91,30-21,Green  9,Curry  4,2012/2013,Curry,18
"Wed, 13 Feb",Houston,L116-107,30-22,Lee  12,Curry  6,2012/2013,Curry,27
"Wed, 20 Feb",Utah,L115-101,30-23,Lee  9,Jack  9,2012/2013,Curry,29
"Thu, 21 Feb",Phoenix,W108-98,31-23,Lee  11,Curry  11,2012/2013,Thompson,28
"Sat, 23 Feb",San Antonio,W107-101 OT,32-23,Lee  22,Jack  10,2012/2013,Jack,30
"Sun, 24 Feb",Minnesota,W100-99,33-23,Lee  13,Jack  8,2012/2013,Jack,23
"Wed, 27 Feb",Indiana,L108-97,33-24,Lee  12,Curry  4,2012/2013,Curry,38
"Thu, 28 Feb",New York,L109-105,33-25,Curry  6,Curry  7,2012/2013,Curry,54
"Sat, 2 Mar",Boston,L94-86,33-26,Lee  19,Curry  6,2012/2013,Curry,25
"Sun, 3 Mar",Philadelphia,L104-97,33-27,Lee  16,Curry  9,2012/2013,Curry,30
"Tue, 5 Mar",Toronto,W125-118,34-27,Lee  11,Curry  12,2012/2013,Lee,29
"Thu, 7 Mar",Sacramento,W87-83,35-27,Lee  10,Curry  8,2012/2013,Thompson,20
"Sat, 9 Mar",Houston,L94-88,35-28,Bogut  11,Curry  8,2012/2013,Curry,24
"Sun, 10 Mar",Milwaukee,L103-93,35-29,Landry  10,Curry  10,2012/2013,Landry,18
"Tue, 12 Mar",New York,W92-63,36-29,Bogut  11,Lee  8,2012/2013,Curry,26
"Thu, 14 Mar",Detroit,W105-97,37-29,Lee  15,Curry  8,2012/2013,Curry,31
"Sat, 16 Mar",Chicago,L113-95,37-30,Lee  8,Curry  4,2012/2013,Jack,20
"Sun, 17 Mar",Houston,W108-78,38-30,Bogut  12,Curry  11,2012/2013,Curry,29
"Tue, 19 Mar",New Orleans,W93-72,39-30,Lee  11,Jack  5,2012/2013,Curry,30
"Thu, 21 Mar",San Antonio,L104-93,39-31,Lee  12,Jack  7,2012/2013,Curry,24
"Sun, 24 Mar",Washington,W101-92,40-31,Lee  15,Curry  8,2012/2013,Curry,35
"Tue, 26 Mar",Los Angeles,W109-103,41-31,Lee  12,Curry  10,2012/2013,Curry,25
"Thu, 28 Mar",Sacramento,L105-98,41-32,Lee  10,Curry  12,2012/2013,Lee,20
"Sun, 31 Mar",Portland,W125-98,42-32,Landry  10,Curry  6,2012/2013,Curry,39
"Thu, 4 Apr",New Orleans,W98-88,43-32,Lee  16,Curry  9,2012/2013,Lee,23
"Sat, 6 Apr",Phoenix,W111-107,44-32,Lee  14,Curry  15,2012/2013,Thompson,25
"Mon, 8 Apr",Utah,L97-90,44-33,Lee  13,Jack  6,2012/2013,Curry,22
"Wed, 10 Apr",Minnesota,W105-89,45-33,Bogut  14,Curry  10,2012/2013,Thompson,30
"Fri, 12 Apr",Oklahoma City,L116-97,45-34,Lee  11,Curry  7,2012/2013,Curry,22
"Sat, 13 Apr",Los Angeles,L118-116,45-35,Lee  8,Curry  9,2012/2013,Curry,47
"Tue, 16 Apr",San Antonio,W116-106,46-35,Ezeli  13,Jack  12,2012/2013,Curry,35
"Thu, 31 Oct",Los Angeles,W125-94,1-0,Lee  8,Curry  6,2013/2014,Thompson,38
"Fri, 1 Nov",Los Angeles,L126-115,1-1,Green  8,Iguodala  11,2013/2014,Curry,38
"Sun, 3 Nov",Sacramento,W98-87,2-1,Lee  12,Curry  12,2013/2014,Thompson,27
"Tue, 5 Nov",Philadelphia,W110-90,3-1,Curry  10,Curry  12,2013/2014,Iguodala,32
"Thu, 7 Nov",Minnesota,W106-93,4-1,Lee  15,Curry  7,2013/2014,Thompson,30
"Sat, 9 Nov",San Antonio,L76-74,4-2,Bogut  13,Bogut  5,2013/2014,Douglas,21
"Sun, 10 Nov",Memphis,L108-90,4-3,Lee  9,Curry  5,2013/2014,Curry,22
"Wed, 13 Nov",Detroit,W113-95,5-3,Lee  9,Iguodala  11,2013/2014,Curry,25
"Fri, 15 Nov",Oklahoma City,W116-115,6-3,Bogut  7,Curry  9,2013/2014,Thompson,27
"Sun, 17 Nov",Utah,W102-88,7-3,Bogut  11,Curry  11,2013/2014,Thompson,25
"Tue, 19 Nov",Utah,W98-87,8-3,Lee  14,Curry  8,2013/2014,Curry,22
"Thu, 21 Nov",Memphis,L88-81 OT,8-4,Bogut  14,Iguodala  14,2013/2014,Thompson,21
"Sat, 23 Nov",Los Angeles,L102-95,8-5,Lee  13,Iguodala  6,2013/2014,Lee,21
"Sun, 24 Nov",Portland,L113-101,8-6,Lee  12,Curry  11,2013/2014,Thompson,30
"Wed, 27 Nov",New Orleans,W102-101,9-6,O'Neal  8,Curry  9,2013/2014,Thompson,22
"Thu, 28 Nov",Dallas,L103-99,9-7,Lee  12,Curry  8,2013/2014,Curry,29
"Sat, 30 Nov",Oklahoma City,L113-112 OT,9-8,Lee  12,Curry  5,2013/2014,Curry,32
"Sun, 1 Dec",Sacramento,W115-113,10-8,Bogut  12,Curry  10,2013/2014,Curry,36
"Wed, 4 Dec",Toronto,W112-103,11-8,Lee  8,Curry  10,2013/2014,Curry,27
"Sat, 7 Dec",Houston,L105-83,11-9,Green  8,Curry  5,2013/2014,Curry,22
"Sun, 8 Dec",Memphis,W108-82,12-9,Bogut  12,Curry  15,2013/2014,Thompson,30
"Tue, 10 Dec",Charlotte,L115-111,12-10,Lee  16,Curry  9,2013/2014,Curry,43
"Thu, 12 Dec",Dallas,W95-93,13-10,Bogut  18,Curry  10,2013/2014,Curry,33
"Sat, 14 Dec",Houston,L116-112,13-11,Barnes  12,Curry  9,2013/2014,Lee,23
"Mon, 16 Dec",Phoenix,L106-102,13-12,Bogut  14,Curry  7,2013/2014,Curry,30
"Wed, 18 Dec",New Orleans,W104-93,14-12,Lee  17,Curry  11,2013/2014,Curry,28
"Fri, 20 Dec",San Antonio,L104-102,14-13,Bogut  18,Curry  15,2013/2014,Lee,32
"Sun, 22 Dec",Los Angeles,W102-83,15-13,Bogut  20,Curry  10,2013/2014,Lee,19
"Tue, 24 Dec",Denver,W89-81,16-13,Bogut  11,Curry  7,2013/2014,Lee,28
"Thu, 26 Dec",Los Angeles,W105-103,17-13,Bogut  14,Curry  11,2013/2014,Lee,23
"Sat, 28 Dec",Phoenix,W115-86,18-13,Curry  13,Curry  16,2013/2014,Thompson,21
"Sun, 29 Dec",Cleveland,W108-104 OT,19-13,Green  12,Curry  11,2013/2014,Curry,29
"Tue, 31 Dec",Orlando,W94-81,20-13,Bogut  11,Curry  8,2013/2014,Lee,22
"Fri, 3 Jan",Miami,W123-114,21-13,Lee  14,Curry  12,2013/2014,Curry,36
"Sat, 4 Jan",Atlanta,W101-100,22-13,Bogut  9,Curry  9,2013/2014,Lee,23
"Sun, 5 Jan",Washington,W112-96,23-13,Lee  11,Curry  10,2013/2014,Thompson,26
"Wed, 8 Jan",Milwaukee,W101-80,24-13,Lee  18,Curry  6,2013/2014,Lee,22
"Thu, 9 Jan",Brooklyn,L102-98,24-14,Bogut  9,Curry  7,2013/2014,Curry,34
"Sat, 11 Jan",Boston,W99-97,25-14,Bogut  13,Iguodala  7,2013/2014,Iguodala,22
"Thu, 16 Jan",Denver,L123-116,25-15,Lee  11,Curry  7,2013/2014,Lee,28
"Sat, 18 Jan",Oklahoma City,L127-121,25-16,Lee  9,Curry  11,2013/2014,Curry,37
"Sun, 19 Jan",New Orleans,W97-87,26-16,Bogut  15,Curry  8,2013/2014,Curry,28
"Tue, 21 Jan",Indiana,L102-94,26-17,Bogut  13,Curry  9,2013/2014,Curry,24
"Sat, 25 Jan",Minnesota,L121-120,26-18,Bogut  11,Curry  15,2013/2014,Curry,33
"Mon, 27 Jan",Portland,W103-88,27-18,Lee  12,Curry  8,2013/2014,Curry,38
"Wed, 29 Jan",Washington,L88-85,27-19,Bogut  14,Curry  4,2013/2014,Curry,23
"Fri, 31 Jan",Los Angeles,W111-92,28-19,Bogut  17,Curry  7,2013/2014,Lee,22
"Sat, 1 Feb",Utah,W95-90,29-19,Bogut  17,Bogut  5,2013/2014,Curry,44
"Wed, 5 Feb",Charlotte,L91-75,29-20,Bogut  15,Curry  11,2013/2014,Curry,17
"Fri, 7 Feb",Chicago,W102-87,30-20,Iguodala  8,Curry  9,2013/2014,Curry,34
"Sun, 9 Feb",Phoenix,L122-109,30-21,Iguodala  8,Curry  9,2013/2014,Curry,28
"Tue, 11 Feb",Philadelphia,W123-80,31-21,Lee  13,Curry  8,2013/2014,Speights,32
"Thu, 13 Feb",Miami,L111-110,31-22,Lee  11,Curry  7,2013/2014,Curry,29
"Thu, 20 Feb",Sacramento,W101-92,32-22,Lee  11,Curry  8,2013/2014,Lee,23
"Fri, 21 Feb",Houston,W102-99 OT,33-22,Lee  14,Iguodala  7,2013/2014,Lee,28
"Sun, 23 Feb",Brooklyn,W93-86,34-22,O'Neal  13,Curry  8,2013/2014,O'Neal,23
"Tue, 25 Feb",Detroit,W104-96,35-22,O'Neal  10,Curry  9,2013/2014,Curry,19
"Thu, 27 Feb",Chicago,L103-83,35-23,Iguodala  7,Curry  5,2013/2014,Crawford,16
"Sat, 1 Mar",New York,W126-103,36-23,Curry  11,Curry  11,2013/2014,Curry,27
"Sun, 2 Mar",Toronto,L104-98,36-24,Lee  11,Curry  7,2013/2014,Curry,34
"Wed, 5 Mar",Indiana,W98-96,37-24,Curry  8,Curry  6,2013/2014,Thompson,25
"Thu, 6 Mar",Boston,W108-88,38-24,Lee  10,Blake  6,2013/2014,Lee,18
"Sat, 8 Mar",Atlanta,W111-97,39-24,Bogut  9,Curry  7,2013/2014,Lee,18
"Mon, 10 Mar",Phoenix,W113-107,40-24,Lee  9,Curry  9,2013/2014,Lee,26
"Wed, 12 Mar",Dallas,W108-85,41-24,Bogut  10,Blake  8,2013/2014,Crawford,19
"Thu, 13 Mar",Los Angeles,L111-98,41-25,Lee  7,Curry  11,2013/2014,Thompson,26
"Sat, 15 Mar",Cleveland,L103-94,41-26,Bogut  12,Curry  8,2013/2014,Curry,27
"Mon, 17 Mar",Portland,W113-112,42-26,Green  8,Curry  5,2013/2014,Curry,37
"Wed, 19 Mar",Orlando,W103-89,43-26,Lee  10,Curry  5,2013/2014,Curry,23
"Fri, 21 Mar",Milwaukee,W115-110,44-26,Lee  12,Curry  10,2013/2014,Curry,31
"Sun, 23 Mar",San Antonio,L99-90,44-27,Bogut  17,Curry  6,2013/2014,Curry,20
"Sat, 29 Mar",Memphis,W100-93,45-27,Green  9,Curry  8,2013/2014,Curry,33
"Mon, 31 Mar",New York,L89-84,45-28,O'Neal  12,Iguodala  6,2013/2014,Curry,32
"Wed, 2 Apr",Dallas,W122-120 OT,46-28,Speights  9,Curry  10,2013/2014,Thompson,27
"Thu, 3 Apr",San Antonio,L111-90,46-29,Speights  9,Curry  10,2013/2014,Speights,22
"Sat, 5 Apr",Sacramento,W102-69,47-29,Speights  10,Curry  5,2013/2014,Thompson,21
"Mon, 7 Apr",Utah,W130-102,48-29,Bogut  11,Curry  16,2013/2014,Thompson,33
"Fri, 11 Apr",Denver,L100-99,48-30,Bogut  8,Curry  6,2013/2014,Curry,24
"Sat, 12 Apr",Los Angeles,W112-95,49-30,Curry  10,Curry  12,2013/2014,Curry,30
"Mon, 14 Apr",Portland,L119-117 OT,49-31,Bogut  9,Curry  5,2013/2014,Curry,47
"Tue, 15 Apr",Minnesota,W130-120,50-31,Green  12,Curry  15,2013/2014,Curry,32
"Thu, 30 Oct",Sacramento,W95-77,1-0,Curry  10,Thompson  6,2014/2015,Curry,24
"Sun, 2 Nov",Los Angeles,W127-104,2-0,Bogut  10,Curry  10,2014/2015,Thompson,41
"Mon, 3 Nov",Portland,W95-90,3-0,Bogut  12,Curry  6,2014/2015,Thompson,29
"Thu, 6 Nov",Los Angeles,W121-104,4-0,Bogut  14,Curry  7,2014/2015,Curry,28
"Sun, 9 Nov",Houston,W98-87,5-0,Bogut  18,Thompson  6,2014/2015,Curry,34
"Mon, 10 Nov",Phoenix,L107-95,5-1,Green  9,Curry  10,2014/2015,Curry,28
"Wed, 12 Nov",San Antonio,L113-100,5-2,Barnes  8,Curry  5,2014/2015,Thompson,29
"Fri, 14 Nov",Brooklyn,W107-99,6-2,Bogut  14,Green  7,2014/2015,Thompson,25
"Sun, 16 Nov",Charlotte,W112-87,7-2,Bogut  9,Curry  9,2014/2015,Thompson,21
"Mon, 17 Nov",Los Angeles,W136-115,8-2,Bogut  10,Curry  15,2014/2015,Curry,30
"Sat, 22 Nov",Utah,W101-88,9-2,Barnes  11,Curry  10,2014/2015,Iguodala,17
"Mon, 24 Nov",Oklahoma City,W91-86,10-2,Green  9,Curry  6,2014/2015,Speights,28
"Wed, 26 Nov",Miami,W114-97,11-2,Bogut  10,Curry  7,2014/2015,Curry,40
"Thu, 27 Nov",Orlando,W111-96,12-2,Bogut  12,Curry  8,2014/2015,Curry,28
"Sat, 29 Nov",Charlotte,W106-101,13-2,Green  10,Curry  6,2014/2015,Speights,27
"Sun, 30 Nov",Detroit,W104-93,14-2,Speights  12,Curry  10,2014/2015,Green,20
"Wed, 3 Dec",Orlando,W98-97,15-2,Barnes  12,Green  6,2014/2015,Curry,22
"Fri, 5 Dec",New Orleans,W112-85,16-2,Green  14,Curry  11,2014/2015,Thompson,23
"Sun, 7 Dec",Chicago,W112-102,17-2,Bogut  12,Curry  7,2014/2015,Green,31
"Tue, 9 Dec",Minnesota,W102-86,18-2,Green  10,Curry  7,2014/2015,Curry,21
"Thu, 11 Dec",Houston,W105-93,19-2,Speights  8,Curry  7,2014/2015,Thompson,21
"Sat, 13 Dec",Dallas,W105-98,20-2,Barnes  9,Curry  8,2014/2015,Curry,29
"Sun, 14 Dec",New Orleans,W128-122 OT,21-2,Green  13,Curry  7,2014/2015,Curry,34
"Wed, 17 Dec",Memphis,L105-98,21-3,Green  10,Curry  6,2014/2015,Thompson,22
"Fri, 19 Dec",Oklahoma City,W114-109,22-3,Green  9,Curry  9,2014/2015,Curry,34
"Tue, 23 Dec",Sacramento,W128-108,23-3,Barnes  8,Curry  11,2014/2015,Thompson,25
"Wed, 24 Dec",Los Angeles,L115-105,23-4,Lee  7,Curry  6,2014/2015,Curry,22
"Fri, 26 Dec",Los Angeles,L100-86,23-5,Barnes  13,Curry  7,2014/2015,Thompson,15
"Sun, 28 Dec",Minnesota,W110-97,24-5,Green  8,Curry  6,2014/2015,Curry,25
"Wed, 31 Dec",Philadelphia,W126-86,25-5,Green  10,Curry  9,2014/2015,Speights,23
"Sat, 3 Jan",Toronto,W126-105,26-5,Green  11,Green  13,2014/2015,Curry,32
"Tue, 6 Jan",Oklahoma City,W117-91,27-5,Green  13,Curry  6,2014/2015,Barnes,23
"Thu, 8 Jan",Indiana,W117-102,28-5,Green  9,Curry  15,2014/2015,Thompson,40
"Sat, 10 Jan",Cleveland,W112-94,29-5,Green  11,Curry  10,2014/2015,Thompson,24
"Wed, 14 Jan",Utah,W116-105,30-5,Lee  8,Curry  11,2014/2015,Curry,27
"Thu, 15 Jan",Miami,W104-89,31-5,Lee  6,Iguodala  7,2014/2015,Curry,32
"Sat, 17 Jan",Oklahoma City,L127-115,31-6,Green  9,Curry  6,2014/2015,Thompson,32
"Sun, 18 Jan",Houston,W131-106,32-6,Lee  8,Curry  11,2014/2015,Curry,27
"Mon, 19 Jan",Denver,W122-79,33-6,Lee  10,Curry  8,2014/2015,Thompson,22
"Thu, 22 Jan",Houston,W126-113,34-6,Lee  10,Curry  10,2014/2015,Thompson,27
"Sat, 24 Jan",Sacramento,W126-101,35-6,Lee  9,Curry  11,2014/2015,Thompson,52
"Mon, 26 Jan",Boston,W114-111,36-6,Bogut  13,Curry  11,2014/2015,Thompson,31
"Wed, 28 Jan",Chicago,L113-111 OT,36-7,Thompson  10,Curry  9,2014/2015,Thompson,30
"Sat, 31 Jan",Utah,L110-100,36-8,Speights  8,Curry  6,2014/2015,Curry,32
"Sun, 1 Feb",Phoenix,W106-87,37-8,Green  11,Curry  7,2014/2015,Curry,25
"Wed, 4 Feb",Sacramento,W121-96,38-8,Speights  8,Curry  9,2014/2015,Curry,23
"Thu, 5 Feb",Dallas,W128-114,39-8,Green  10,Green  6,2014/2015,Curry,51
"Sat, 7 Feb",Atlanta,L124-116,39-9,Green  20,Curry  9,2014/2015,Thompson,29
"Sun, 8 Feb",New York,W106-92,40-9,Green  13,Lee  5,2014/2015,Curry,22
"Tue, 10 Feb",Philadelphia,W89-84,41-9,Bogut  9,Curry  6,2014/2015,Curry,20
"Thu, 12 Feb",Minnesota,W94-91,42-9,Green  13,Curry  8,2014/2015,Curry,25
"Sat, 21 Feb",San Antonio,W110-99,43-9,Iguodala  6,Curry  11,2014/2015,Curry,25
"Sun, 22 Feb",Indiana,L104-98,43-10,Lee  12,Iguodala  4,2014/2015,Thompson,39
"Wed, 25 Feb",Washington,W114-107,44-10,Lee  10,Curry  8,2014/2015,Curry,32
"Fri, 27 Feb",Cleveland,L110-99,44-11,Green  8,Curry  6,2014/2015,Lee,19
"Sat, 28 Feb",Toronto,W113-89,45-11,Green  9,Livingston  8,2014/2015,Thompson,25
"Sun, 1 Mar",Boston,W106-101,46-11,Green  11,Curry  5,2014/2015,Curry,37
"Tue, 3 Mar",Brooklyn,L110-108,46-12,Green  11,Curry  7,2014/2015,Curry,26
"Thu, 5 Mar",Milwaukee,W102-93,47-12,Green  12,Curry  11,2014/2015,Green,23
"Sat, 7 Mar",Dallas,W104-89,48-12,Bogut  13,Curry  7,2014/2015,Curry,22
"Sun, 8 Mar",Los Angeles,W106-98,49-12,Livingston  8,Green  6,2014/2015,Green,23
"Tue, 10 Mar",Phoenix,W98-80,50-12,Green  10,Curry  5,2014/2015,Curry,36
"Thu, 12 Mar",Detroit,W105-98,51-12,Green  7,Curry  11,2014/2015,Thompson,27
"Sat, 14 Mar",Denver,L114-103,51-13,Green  6,Barbosa  9,2014/2015,Holiday,23
"Sun, 15 Mar",New York,W125-94,52-13,Green  7,Curry  11,2014/2015,Thompson,27
"Tue, 17 Mar",Los Angeles,W108-105,53-13,Green  8,Curry  9,2014/2015,Thompson,26
"Thu, 19 Mar",Atlanta,W114-95,54-13,Bogut  14,Curry  12,2014/2015,Barnes,25
"Sat, 21 Mar",New Orleans,W112-96,55-13,Green  8,Curry  11,2014/2015,Barnes,22
"Sun, 22 Mar",Utah,W106-91,56-13,Bogut  8,Green  7,2014/2015,Curry,24
"Tue, 24 Mar",Washington,W107-76,57-13,Bogut  12,Curry  6,2014/2015,Curry,24
"Wed, 25 Mar",Portland,W122-108,58-13,Bogut  16,Curry  10,2014/2015,Curry,33
"Sat, 28 Mar",Memphis,W107-84,59-13,Ezeli  8,Curry  10,2014/2015,Curry,38
"Sun, 29 Mar",Milwaukee,W108-95,60-13,Speights  7,Livingston  8,2014/2015,Curry,25
"Wed, 1 Apr",Los Angeles,W110-106,61-13,Bogut  9,Iguodala  7,2014/2015,Curry,27
"Fri, 3 Apr",Phoenix,W107-106,62-13,Bogut  9,Thompson  6,2014/2015,Curry,28
"Sun, 5 Apr",Dallas,W123-110,63-13,Bogut  11,Livingston  5,2014/2015,Thompson,21
"Mon, 6 Apr",San Antonio,L107-92,63-14,Bogut  7,Curry  6,2014/2015,Curry,24
"Wed, 8 Apr",New Orleans,L103-100,63-15,Green  14,Curry  9,2014/2015,Curry,25
"Fri, 10 Apr",Portland,W116-105,64-15,Green  14,Curry  10,2014/2015,Curry,45
"Sun, 12 Apr",Minnesota,W110-101,65-15,Green  14,Curry  7,2014/2015,Curry,34
"Tue, 14 Apr",Memphis,W111-107,66-15,Green  9,Curry  8,2014/2015,Thompson,42
"Wed, 28 Oct",New Orleans,W111-95,1-0,Barnes  9,Curry  7,2015/2016,Curry,40
"Sat, 31 Oct",Houston,W112-92,2-0,Curry  7,Green  7,2015/2016,Curry,25
"Sat, 31 Oct",New Orleans,W134-120,3-0,Barnes  7,Curry  9,2015/2016,Curry,53
"Tue, 3 Nov",Memphis,W119-69,4-0,Ezeli  10,Green  8,2015/2016,Curry,30
"Thu, 5 Nov",Los Angeles,W112-108,5-0,Barnes  9,Thompson  5,2015/2016,Curry,31
"Sat, 7 Nov",Denver,W119-104,6-0,Green  9,Curry  10,2015/2016,Curry,34
"Sun, 8 Nov",Sacramento,W103-94,7-0,Ezeli  12,Green  7,2015/2016,Curry,24
"Tue, 10 Nov",Detroit,W109-95,8-0,Green  10,Green  9,2015/2016,Thompson,24
"Thu, 12 Nov",Memphis,W100-84,9-0,Thompson  7,Curry  5,2015/2016,Curry,28
"Fri, 13 Nov",Minnesota,W129-116,10-0,Green  8,Green  12,2015/2016,Curry,46
"Sun, 15 Nov",Brooklyn,W107-99 OT,11-0,Bogut  18,Green  12,2015/2016,Curry,34
"Wed, 18 Nov",Toronto,W115-110,12-0,Green  9,Curry  9,2015/2016,Curry,37
"Fri, 20 Nov",Los Angeles,W124-117,13-0,Curry  11,Green  9,2015/2016,Curry,40
"Sat, 21 Nov",Chicago,W106-94,14-0,Barnes  9,Green  5,2015/2016,Curry,27
"Mon, 23 Nov",Denver,W118-105,15-0,Green  7,Thompson  7,2015/2016,Thompson,21
"Wed, 25 Nov",Los Angeles,W111-77,16-0,Iguodala  9,Curry  9,2015/2016,Curry,24
"Sat, 28 Nov",Phoenix,W135-116,17-0,Green  10,Green  10,2015/2016,Curry,41
"Sun, 29 Nov",Sacramento,W120-101,18-0,Green  11,Green  12,2015/2016,Curry,19
"Tue, 1 Dec",Utah,W106-103,19-0,Green  12,Green  8,2015/2016,Curry,26
"Thu, 3 Dec",Charlotte,W116-99,20-0,Green  11,Green  9,2015/2016,Curry,40
"Sat, 5 Dec",Toronto,W112-109,21-0,Ezeli  10,Curry  7,2015/2016,Curry,44
"Sun, 6 Dec",Brooklyn,W114-98,22-0,Green  9,Green  7,2015/2016,Curry,28
"Wed, 9 Dec",Indiana,W131-123,23-0,Bogut  10,Curry  10,2015/2016,Thompson,39
"Sat, 12 Dec",Boston,W124-119 2OT,24-0,Ezeli  12,Curry  8,2015/2016,Curry,38
"Sun, 13 Dec",Milwaukee,L108-95,24-1,Green  11,Curry  5,2015/2016,Curry,28
"Thu, 17 Dec",Phoenix,W128-103,25-1,Bogut  12,Green  10,2015/2016,Thompson,43
"Sat, 19 Dec",Milwaukee,W121-112,26-1,Curry  10,Curry  9,2015/2016,Thompson,27
"Thu, 24 Dec",Utah,W103-85,27-1,Bogut  13,Curry  9,2015/2016,Thompson,20
"Fri, 25 Dec",Cleveland,W89-83,28-1,Green  15,Green  7,2015/2016,Green,22
"Tue, 29 Dec",Sacramento,W122-103,29-1,Curry  14,Curry  10,2015/2016,Thompson,29
"Thu, 31 Dec",Dallas,L114-91,29-2,Bogut  10,Green  4,2015/2016,Clark,21
"Fri, 1 Jan",Houston,W114-110,30-2,Green  11,Green  16,2015/2016,Thompson,38
"Sun, 3 Jan",Denver,W111-108 OT,31-2,Green  17,Green  14,2015/2016,Green,29
"Tue, 5 Jan",Charlotte,W111-101,32-2,Green  15,Green  10,2015/2016,Thompson,30
"Wed, 6 Jan",Los Angeles,W109-88,33-2,Green  12,Curry  6,2015/2016,Thompson,36
"Sat, 9 Jan",Portland,W128-108,34-2,Green  13,Green  10,2015/2016,Thompson,36
"Sun, 10 Jan",Sacramento,W128-116,35-2,Bogut  11,Curry  11,2015/2016,Curry,38
"Tue, 12 Jan",Miami,W111-103,36-2,Green  12,Curry  6,2015/2016,Curry,31
"Thu, 14 Jan",Denver,L112-110,36-3,Bogut  7,Curry  9,2015/2016,Curry,38
"Fri, 15 Jan",Los Angeles,W116-98,37-3,Green  9,Green  5,2015/2016,Curry,26
"Sun, 17 Jan",Detroit,L113-95,37-4,Ezeli  10,Green  9,2015/2016,Curry,38
"Tue, 19 Jan",Cleveland,W132-98,38-4,Green  7,Green  10,2015/2016,Curry,35
"Thu, 21 Jan",Chicago,W125-94,39-4,Bogut  12,Curry  11,2015/2016,Curry,25
"Sat, 23 Jan",Indiana,W122-110,40-4,Green  11,Curry  12,2015/2016,Curry,39
"Tue, 26 Jan",San Antonio,W120-90,41-4,Green  9,Green  6,2015/2016,Curry,37
"Thu, 28 Jan",Dallas,W127-107,42-4,Bogut  9,Curry  9,2015/2016,Thompson,45
"Sat, 30 Jan",Philadelphia,W108-105,43-4,Bogut  16,Green  9,2015/2016,Thompson,32
"Mon, 1 Feb",New York,W116-95,44-4,Bogut  12,Green  10,2015/2016,Thompson,34
"Thu, 4 Feb",Washington,W134-121,45-4,Green  10,Green  12,2015/2016,Curry,51
"Sun, 7 Feb",Oklahoma City,W116-108,46-4,Green  15,Curry  10,2015/2016,Curry,26
"Wed, 10 Feb",Houston,W123-110,47-4,Bogut  11,Curry  9,2015/2016,Curry,35
"Thu, 11 Feb",Phoenix,W112-104,48-4,Curry  9,Curry  9,2015/2016,Curry,26
"Sat, 20 Feb",Portland,L137-105,48-5,Green  12,Green  8,2015/2016,Curry,31
"Sun, 21 Feb",Los Angeles,W115-112,49-5,Green  11,Green  10,2015/2016,Thompson,32
"Tue, 23 Feb",Atlanta,W102-92,50-5,Green  14,Green  9,2015/2016,Curry,36
"Thu, 25 Feb",Miami,W118-112,51-5,Green  11,Curry  7,2015/2016,Curry,42
"Fri, 26 Feb",Orlando,W130-114,52-5,Curry  7,Curry  8,2015/2016,Curry,51
"Sun, 28 Feb",Oklahoma City,W121-118 OT,53-5,Green  14,Green  14,2015/2016,Curry,46
"Wed, 2 Mar",Atlanta,W109-105 OT,54-5,Green  13,Green  9,2015/2016,Thompson,26
"Fri, 4 Mar",Oklahoma City,W121-106,55-5,Green  8,Livingston  8,2015/2016,Curry,33
"Sun, 6 Mar",Los Angeles,L112-95,55-6,Green  10,Green  9,2015/2016,Curry,18
"Tue, 8 Mar",Orlando,W119-113,56-6,Curry  13,Green  10,2015/2016,Curry,41
"Thu, 10 Mar",Utah,W115-94,57-6,Green  7,Curry  10,2015/2016,Thompson,23
"Sat, 12 Mar",Portland,W128-112,58-6,Green  13,Green  7,2015/2016,Thompson,37
"Sun, 13 Mar",Phoenix,W123-116,59-6,Speights  9,Curry  6,2015/2016,Curry,35
"Tue, 15 Mar",New Orleans,W125-107,60-6,Green  12,Curry  5,2015/2016,Curry,27
"Thu, 17 Mar",New York,W121-85,61-6,Green  11,Green  10,2015/2016,Curry,34
"Sat, 19 Mar",Dallas,W130-112,62-6,Curry  9,Curry  10,2015/2016,Thompson,39
"Sun, 20 Mar",San Antonio,L87-79,62-7,Green  9,Green  8,2015/2016,Thompson,15
"Tue, 22 Mar",Minnesota,W109-104,63-7,Green  9,Curry  11,2015/2016,Green,24
"Thu, 24 Mar",Los Angeles,W114-98,64-7,Green  12,Curry  5,2015/2016,Curry,33
"Sat, 26 Mar",Dallas,W128-120,65-7,Curry  8,Green  10,2015/2016,Thompson,40
"Mon, 28 Mar",Philadelphia,W117-105,66-7,Green  11,Green  11,2015/2016,Thompson,40
"Wed, 30 Mar",Washington,W102-94,67-7,Green  16,Green  9,2015/2016,Curry,26
"Thu, 31 Mar",Utah,W103-96 OT,68-7,Barnes  11,Green  6,2015/2016,Curry,31
"Sat, 2 Apr",Boston,L109-106,68-8,Green  9,Green  7,2015/2016,Curry,29
"Mon, 4 Apr",Portland,W136-111,69-8,Green  10,Green  10,2015/2016,Curry,39
"Wed, 6 Apr",Minnesota,L124-117 OT,69-9,Bogut  15,Curry  15,2015/2016,Thompson,28
"Fri, 8 Apr",San Antonio,W112-101,70-9,Bogut  11,Curry  9,2015/2016,Curry,27
"Sun, 10 Apr",Memphis,W100-99,71-9,Green  11,Curry  8,2015/2016,Green,23
"Mon, 11 Apr",San Antonio,W92-86,72-9,Iguodala  7,Curry  5,2015/2016,Curry,37
"Wed, 26 Oct",San Antonio,L129-100,0-1,Green  12,Green  6,2016/2017,Durant,27
"Sat, 29 Oct",New Orleans,W122-114,1-1,Durant  17,Curry  8,2016/2017,Durant,30
"Sun, 30 Oct",Phoenix,W106-100,2-1,Green  13,Green  9,2016/2017,Durant,37
"Wed, 2 Nov",Portland,W127-104,3-1,Green  8,Green  9,2016/2017,Curry,28
"Fri, 4 Nov",Oklahoma City,W122-96,4-1,Green  10,Curry  7,2016/2017,Durant,39
"Sat, 5 Nov",Los Angeles,L117-97,4-2,Green  9,Curry  10,2016/2017,Durant,27
"Tue, 8 Nov",New Orleans,W116-106,5-2,Green  12,Green  11,2016/2017,Curry,46
"Thu, 10 Nov",Dallas,W116-95,6-2,Durant  10,Curry  6,2016/2017,Durant,28
"Fri, 11 Nov",Denver,W125-101,7-2,Durant  9,Curry  6,2016/2017,Curry,33
"Mon, 14 Nov",Phoenix,W133-120,8-2,Durant  9,Green  11,2016/2017,Curry,30
"Thu, 17 Nov",Toronto,W127-121,9-2,Durant  9,Curry  7,2016/2017,Curry,35
"Sat, 19 Nov",Boston,W104-88,10-2,Pachulia  13,Curry  8,2016/2017,Thompson,28
"Sun, 20 Nov",Milwaukee,W124-121,11-2,Pachulia  10,Durant  5,2016/2017,Durant,33
"Tue, 22 Nov",Indiana,W120-83,12-2,Durant  11,Green  7,2016/2017,Thompson,25
"Thu, 24 Nov",Los Angeles,W149-106,13-2,Green  9,Green  11,2016/2017,Curry,31
"Sat, 26 Nov",Los Angeles,W109-85,14-2,Green  8,Durant  9,2016/2017,Durant,29
"Sun, 27 Nov",Minnesota,W115-102,15-2,Durant  10,Curry  6,2016/2017,Curry,34
"Tue, 29 Nov",Atlanta,W105-100,16-2,Durant  14,Green  7,2016/2017,Durant,25
"Fri, 2 Dec",Houston,L132-127 2OT,16-3,Green  15,Green  9,2016/2017,Durant,39
"Sun, 4 Dec",Phoenix,W138-109,17-3,Iguodala  6,Green  14,2016/2017,Curry,31
"Tue, 6 Dec",Indiana,W142-106,18-3,Durant  8,Curry  11,2016/2017,Thompson,60
"Thu, 8 Dec",Los Angeles,W115-98,19-3,Durant  8,Durant  7,2016/2017,Thompson,24
"Fri, 9 Dec",Utah,W106-99,20-3,Durant  11,Green  8,2016/2017,Curry,26
"Sun, 11 Dec",Memphis,L110-89,20-4,Curry  8,West  4,2016/2017,Durant,21
"Mon, 12 Dec",Minnesota,W116-108,21-4,Durant  8,Curry  9,2016/2017,Thompson,30
"Wed, 14 Dec",New Orleans,W113-109,22-4,Green  14,Green  10,2016/2017,Curry,30
"Fri, 16 Dec",New York,W103-90,23-4,Durant  14,Durant  8,2016/2017,Thompson,25
"Sun, 18 Dec",Portland,W135-90,24-4,Green  12,Green  13,2016/2017,Durant,34
"Wed, 21 Dec",Utah,W104-74,25-4,Green  11,Curry  4,2016/2017,Curry,25
"Fri, 23 Dec",Brooklyn,W117-101,26-4,Pachulia  14,Durant  7,2016/2017,Durant,26
"Sat, 24 Dec",Detroit,W119-113,27-4,Green  9,Green  12,2016/2017,Durant,32
"Sun, 25 Dec",Cleveland,L109-108,27-5,Durant  15,West  5,2016/2017,Durant,36
"Thu, 29 Dec",Toronto,W121-111,28-5,Durant  17,Green  10,2016/2017,Curry,28
"Sat, 31 Dec",Dallas,W108-99,29-5,Durant  11,Durant  10,2016/2017,Thompson,29
"Tue, 3 Jan",Denver,W127-119,30-5,Green  10,Green  13,2016/2017,Thompson,25
"Thu, 5 Jan",Portland,W125-117,31-5,Curry  7,Green  11,2016/2017,Curry,35
"Sat, 7 Jan",Memphis,L128-119 OT,31-6,Durant  13,Curry  6,2016/2017,Curry,40
"Mon, 9 Jan",Sacramento,W117-106,32-6,Durant  7,Green  10,2016/2017,Curry,30
"Wed, 11 Jan",Miami,W107-95,33-6,Green  9,Curry  9,2016/2017,Durant,28
"Fri, 13 Jan",Detroit,W127-107,34-6,Green  9,Green  13,2016/2017,Durant,25
"Tue, 17 Jan",Cleveland,W126-91,35-6,Green  13,Curry  11,2016/2017,Thompson,26
"Thu, 19 Jan",Oklahoma City,W121-100,36-6,Durant  12,Curry  8,2016/2017,Durant,40
"Sat, 21 Jan",Houston,W125-108,37-6,Green  9,Green  8,2016/2017,Durant,32
"Sun, 22 Jan",Orlando,W118-98,38-6,Durant  10,Curry  6,2016/2017,Curry,27
"Tue, 24 Jan",Miami,L105-102,38-7,Pachulia  10,Curry  8,2016/2017,Durant,27
"Thu, 26 Jan",Charlotte,W113-103,39-7,Iguodala  10,Curry  7,2016/2017,Durant,33
"Sun, 29 Jan",Los Angeles,W144-98,40-7,Curry  9,Durant  7,2016/2017,Curry,43
"Mon, 30 Jan",Portland,W113-111,41-7,Durant  10,Durant  6,2016/2017,Durant,33
"Thu, 2 Feb",Charlotte,W126-111,42-7,Green  10,Curry  8,2016/2017,Curry,39
"Fri, 3 Feb",Los Angeles,W133-120,43-7,McAdoo  9,Curry  11,2016/2017,Curry,29
"Sun, 5 Feb",Sacramento,L109-106 OT,43-8,Durant  9,Curry  9,2016/2017,Curry,35
"Thu, 9 Feb",Chicago,W123-92,44-8,Durant  10,Durant  7,2016/2017,Thompson,28
"Sat, 11 Feb",Memphis,W122-107,45-8,Green  11,Green  10,2016/2017,Thompson,36
"Sun, 12 Feb",Oklahoma City,W130-114,46-8,Durant  9,Curry  9,2016/2017,Durant,34
"Tue, 14 Feb",Denver,L132-110,46-9,McGee  7,Green  6,2016/2017,Durant,25
"Thu, 16 Feb",Sacramento,W109-86,47-9,McGee  10,Curry  9,2016/2017,Thompson,35
"Fri, 24 Feb",Los Angeles,W123-113,48-9,Durant  15,Durant  7,2016/2017,Curry,35
"Sun, 26 Feb",Brooklyn,W112-95,49-9,Pachulia  9,Iguodala  9,2016/2017,Curry,27
"Tue, 28 Feb",Philadelphia,W119-108,50-9,Iguodala  10,Green  11,2016/2017,Durant,27
"Wed, 1 Mar",Washington,L112-108,50-10,Green  8,Green  14,2016/2017,Curry,25
"Fri, 3 Mar",Chicago,L94-87,50-11,Green  8,Green  7,2016/2017,Curry,23
"Sun, 5 Mar",New York,W112-105,51-11,Curry  8,Curry  6,2016/2017,Curry,31
"Tue, 7 Mar",Atlanta,W119-111,52-11,Green  8,Curry  9,2016/2017,Iguodala,24
"Thu, 9 Mar",Boston,L99-86,52-12,Green  8,Curry  6,2016/2017,Thompson,25
"Sat, 11 Mar",Minnesota,L103-102,52-13,Green  7,Curry  7,2016/2017,Thompson,30
"Sun, 12 Mar",San Antonio,L107-85,52-14,Pachulia  12,Barnes  4,2016/2017,Clark,36
"Wed, 15 Mar",Philadelphia,W106-104,53-14,Green  9,Green  8,2016/2017,Curry,29
"Fri, 17 Mar",Orlando,W122-92,54-14,Green  11,Curry  9,2016/2017,Thompson,29
"Sun, 19 Mar",Milwaukee,W117-92,55-14,Barnes  10,Green  10,2016/2017,Curry,28
"Tue, 21 Mar",Oklahoma City,W111-95,56-14,Green  10,Curry  6,2016/2017,Thompson,34
"Wed, 22 Mar",Dallas,W112-87,57-14,Green  7,Curry  9,2016/2017,Thompson,23
"Sat, 25 Mar",Sacramento,W114-100,58-14,McGee  10,Curry  12,2016/2017,Curry,27
"Mon, 27 Mar",Memphis,W106-94,59-14,Iguodala  7,Curry  11,2016/2017,Thompson,31
"Wed, 29 Mar",Houston,W113-106,60-14,Curry  10,Curry  7,2016/2017,Curry,32
"Thu, 30 Mar",San Antonio,W110-98,61-14,Iguodala  6,Curry  11,2016/2017,Curry,29
"Sat, 1 Apr",Houston,W107-98,62-14,Thompson  8,Green  8,2016/2017,Curry,24
"Mon, 3 Apr",Washington,W139-115,63-14,Green  11,Green  13,2016/2017,Curry,42
"Wed, 5 Apr",Minnesota,W121-107,64-14,Pachulia  7,Curry  9,2016/2017,Thompson,41
"Thu, 6 Apr",Phoenix,W120-111,65-14,Barnes  8,Curry  11,2016/2017,Curry,42
"Sun, 9 Apr",New Orleans,W123-101,66-14,Durant  10,Durant  6,2016/2017,Thompson,20
"Tue, 11 Apr",Utah,L105-99,66-15,Durant  10,Durant  6,2016/2017,Curry,28
"Wed, 18 Oct",Houston,L122-121,0-1,Green  11,Green  13,2017/2018,Young,23
"Sat, 21 Oct",New Orleans,W128-120,1-1,Pachulia  9,Green  9,2017/2018,Thompson,33
"Sun, 22 Oct",Memphis,L111-101,1-2,Durant  13,Green  6,2017/2018,Curry,37
"Tue, 24 Oct",Dallas,W133-103,2-2,Durant  8,Curry  8,2017/2018,Curry,29
"Thu, 26 Oct",Toronto,W117-112,3-2,Green  11,Green  6,2017/2018,Curry,30
"Sat, 28 Oct",Washington,W120-117,4-2,Durant  11,Curry  8,2017/2018,Durant,31
"Mon, 30 Oct",Detroit,L115-107,4-3,Green  13,Curry  8,2017/2018,Thompson,29
"Tue, 31 Oct",Los Angeles,W141-113,5-3,Green  9,Curry  6,2017/2018,Curry,31
"Fri, 3 Nov",San Antonio,W112-92,6-3,Durant  8,Green  6,2017/2018,Thompson,27
"Sun, 5 Nov",Denver,W127-108,7-3,Casspi  8,Curry  11,2017/2018,Durant,25
"Tue, 7 Nov",Miami,W97-80,8-3,Green  9,Durant  6,2017/2018,Durant,21
"Thu, 9 Nov",Minnesota,W125-101,9-3,Curry  8,Curry  8,2017/2018,Thompson,28
"Sun, 12 Nov",Philadelphia,W135-114,10-3,Green  10,Curry  9,2017/2018,Durant,29
"Tue, 14 Nov",Orlando,W110-100,11-3,West  11,Durant  8,2017/2018,Durant,21
"Fri, 17 Nov",Boston,L92-88,11-4,Green  8,Green  5,2017/2018,Durant,24
"Sun, 19 Nov",Philadelphia,W124-116,12-4,West  7,Green  8,2017/2018,Curry,35
"Sun, 19 Nov",Brooklyn,W118-111,13-4,Curry  11,Green  8,2017/2018,Curry,39
"Thu, 23 Nov",Oklahoma City,L108-91,13-5,Casspi  6,Curry  6,2017/2018,Curry,24
"Sat, 25 Nov",Chicago,W143-94,14-5,Curry  7,Pachulia  6,2017/2018,Curry,33
"Sun, 26 Nov",New Orleans,W110-95,15-5,Green  7,Green  8,2017/2018,Curry,27
"Tue, 28 Nov",Sacramento,L110-106,15-6,West  7,Green  8,2017/2018,Thompson,21
"Thu, 30 Nov",Los Angeles,W127-123 OT,16-6,Green  11,Green  9,2017/2018,Durant,29
"Sat, 2 Dec",Orlando,W133-112,17-6,Pachulia  8,Curry  10,2017/2018,Thompson,27
"Mon, 4 Dec",Miami,W123-95,18-6,Green  7,Green  9,2017/2018,Curry,30
"Tue, 5 Dec",New Orleans,W125-115,19-6,Green  9,Curry  11,2017/2018,Curry,31
"Thu, 7 Dec",Charlotte,W101-87,20-6,Durant  11,Durant  10,2017/2018,Durant,35
"Sat, 9 Dec",Detroit,W102-98,21-6,Durant  10,Green  13,2017/2018,Durant,36
"Tue, 12 Dec",Portland,W111-104,22-6,Durant  9,Durant  5,2017/2018,Durant,28
"Fri, 15 Dec",Dallas,W112-97,23-6,Durant  11,Iguodala  10,2017/2018,Durant,36
"Tue, 19 Dec",Los Angeles,W116-114 OT,24-6,Durant  11,Durant  8,2017/2018,Durant,36
"Thu, 21 Dec",Memphis,W97-84,25-6,Durant  8,Thompson  5,2017/2018,Thompson,29
"Sat, 23 Dec",Los Angeles,W113-106,26-6,Green  11,Durant  7,2017/2018,Durant,33
"Sun, 24 Dec",Denver,L96-81,26-7,Bell  10,Iguodala  7,2017/2018,Durant,18
"Mon, 25 Dec",Cleveland,W99-92,27-7,Green  12,Green  11,2017/2018,Durant,25
"Thu, 28 Dec",Utah,W126-101,28-7,Bell  13,Green  8,2017/2018,Durant,21
"Sat, 30 Dec",Charlotte,L111-100,28-8,Green  11,Green  16,2017/2018,Durant,27
"Sun, 31 Dec",Memphis,W141-128,29-8,West  11,Durant  9,2017/2018,Curry,38
"Thu, 4 Jan",Dallas,W125-122,30-8,Durant  12,Curry  8,2017/2018,Curry,32
"Fri, 5 Jan",Houston,W124-114,31-8,Green  14,Green  10,2017/2018,Curry,29
"Sat, 6 Jan",Los Angeles,W121-105,32-8,Green  12,Green  7,2017/2018,Curry,45
"Tue, 9 Jan",Denver,W124-114,33-8,Bell  8,Green  10,2017/2018,Curry,32
"Thu, 11 Jan",Los Angeles,L125-106,33-9,Green  10,Durant  4,2017/2018,Durant,40
"Sat, 13 Jan",Milwaukee,W108-94,34-9,Green  10,Green  7,2017/2018,Durant,26
"Sun, 14 Jan",Toronto,W127-125,35-9,Durant  6,Curry  9,2017/2018,Thompson,26
"Tue, 16 Jan",Cleveland,W118-108,36-9,Green  16,Green  9,2017/2018,Durant,32
"Thu, 18 Jan",Chicago,W119-112,37-9,Pachulia  11,Durant  7,2017/2018,Thompson,38
"Sun, 21 Jan",Houston,L116-108,37-10,Durant  7,Curry  8,2017/2018,Durant,26
"Wed, 24 Jan",New York,W123-112,38-10,Curry  6,Durant  14,2017/2018,Curry,32
"Fri, 26 Jan",Minnesota,W126-113,39-10,Durant  10,Durant  11,2017/2018,Durant,28
"Sun, 28 Jan",Boston,W109-105,40-10,Green  11,Curry  5,2017/2018,Curry,49
"Wed, 31 Jan",Utah,L129-99,40-11,Pachulia  7,Curry  5,2017/2018,Thompson,27
"Sat, 3 Feb",Sacramento,W119-104,41-11,Pachulia  13,Durant  6,2017/2018,Durant,33
"Sun, 4 Feb",Denver,L115-108,41-12,Pachulia  8,Green  8,2017/2018,Durant,31
"Wed, 7 Feb",Oklahoma City,L125-105,41-13,Green  8,Green  7,2017/2018,Durant,33
"Fri, 9 Feb",Dallas,W121-103,42-13,Green  10,Curry  8,2017/2018,Durant,24
"Sun, 11 Feb",San Antonio,W122-105,43-13,Green  8,Green  11,2017/2018,Thompson,25
"Tue, 13 Feb",Phoenix,W129-83,44-13,Casspi  10,Curry  7,2017/2018,Curry,22
"Thu, 15 Feb",Portland,L123-117,44-14,Green  12,Green  7,2017/2018,Durant,50
"Fri, 23 Feb",Los Angeles,W134-127,45-14,Green  8,Curry  10,2017/2018,Curry,44
"Sun, 25 Feb",Oklahoma City,W112-80,46-14,Curry  9,Green  8,2017/2018,Durant,28
"Tue, 27 Feb",New York,W125-111,47-14,Durant  9,Green  6,2017/2018,Thompson,26
"Thu, 1 Mar",Washington,W109-101,48-14,Iguodala  7,Green  11,2017/2018,Durant,32
"Sat, 3 Mar",Atlanta,W114-109,49-14,Green  7,Green  9,2017/2018,Durant,28
"Wed, 7 Mar",Brooklyn,W114-101,50-14,Curry  6,Green  9,2017/2018,Curry,34
"Fri, 9 Mar",San Antonio,W110-107,51-14,Green  12,Green  10,2017/2018,Durant,37
"Sat, 10 Mar",Portland,L125-108,51-15,Green  12,Durant  6,2017/2018,Durant,40
"Sun, 11 Mar",Minnesota,L109-103,51-16,Durant  12,Green  7,2017/2018,Durant,39
"Thu, 15 Mar",Los Angeles,W117-106,52-16,Pachulia  12,Durant  6,2017/2018,Durant,26
"Sat, 17 Mar",Sacramento,L98-93,52-17,Green  10,Green  7,2017/2018,Cook,25
"Sun, 18 Mar",Phoenix,W124-109,53-17,Green  11,Green  8,2017/2018,Cook,28
"Tue, 20 Mar",San Antonio,L89-75,53-18,Looney  8,Cook  5,2017/2018,Cook,20
"Sat, 24 Mar",Atlanta,W106-94,54-18,Pachulia  9,Cook  6,2017/2018,Curry,29
"Mon, 26 Mar",Utah,L110-91,54-19,McGee  9,Cook  8,2017/2018,Cook,17
"Wed, 28 Mar",Indiana,L92-81,54-20,Looney  11,Cook  7,2017/2018,Young,12
"Fri, 30 Mar",Milwaukee,L116-107,54-21,Green  5,Green  6,2017/2018,Cook,30
"Sun, 1 Apr",Sacramento,W112-96,55-21,Durant  10,Green  7,2017/2018,Durant,27
"Mon, 2 Apr",Phoenix,W117-107,56-21,Durant  11,Green  12,2017/2018,Durant,29
"Wed, 4 Apr",Oklahoma City,W111-107,57-21,Durant  10,Green  8,2017/2018,Durant,34
"Fri, 6 Apr",Indiana,L126-106,57-22,Thompson  7,Durant  7,2017/2018,Durant,27
"Sun, 8 Apr",New Orleans,L126-120,57-23,Durant  10,Green  9,2017/2018,Durant,41
"Mon, 9 Apr",Phoenix,W117-100,58-23,Green  6,Durant  9,2017/2018,Thompson,34
"Wed, 17 Oct",Oklahoma City,W108-100,1-0,Green  13,Curry  9,2018/2019,Curry,32
"Sat, 20 Oct",Utah,W124-123,2-0,Durant  9,Curry  8,2018/2019,Durant,38
"Mon, 22 Oct",Denver,L100-98,2-1,Durant  11,Durant  7,2018/2019,Curry,30
"Tue, 23 Oct",Phoenix,W123-103,3-1,McKinnie  7,Curry  8,2018/2019,Curry,29
"Thu, 25 Oct",Washington,W144-122,4-1,Durant  8,Green  12,2018/2019,Curry,51
"Sat, 27 Oct",New York,W128-100,5-1,Durant  9,Green  6,2018/2019,Durant,41
"Sun, 28 Oct",Brooklyn,W120-114,6-1,Durant  8,Green  13,2018/2019,Curry,35
"Tue, 30 Oct",Chicago,W149-124,7-1,McKinnie  10,Green  12,2018/2019,Thompson,52
"Thu, 1 Nov",New Orleans,W131-121,8-1,Green  14,Curry  9,2018/2019,Curry,37
"Sat, 3 Nov",Minnesota,W116-99,9-1,Durant  13,Green  11,2018/2019,Durant,33
"Tue, 6 Nov",Memphis,W117-101,10-1,Looney  9,Curry  7,2018/2019,Thompson,27
"Fri, 9 Nov",Milwaukee,L134-111,10-2,Durant  5,Durant  9,2018/2019,Thompson,24
"Sun, 11 Nov",Brooklyn,W116-100,11-2,Bell  8,Durant  11,2018/2019,Durant,28
"Tue, 13 Nov",Los Angeles,L121-116 OT,11-3,Green  14,Durant  10,2018/2019,Durant,33
"Wed, 14 Nov",Atlanta,W110-103,12-3,Jerebko  13,Cook  6,2018/2019,Durant,29
"Fri, 16 Nov",Houston,L107-86,12-4,Iguodala  6,Green  5,2018/2019,Durant,20
"Sun, 18 Nov",Dallas,L112-109,12-5,Jerebko  10,Thompson  4,2018/2019,Durant,32
"Mon, 19 Nov",San Antonio,L104-92,12-6,Durant  10,Durant  6,2018/2019,Durant,26
"Thu, 22 Nov",Oklahoma City,L123-95,12-7,Durant  14,Cook  6,2018/2019,Durant,27
"Sat, 24 Nov",Portland,W125-97,13-7,Durant  9,Durant  7,2018/2019,Durant,32
"Sun, 25 Nov",Sacramento,W117-116,14-7,Durant  13,Durant  7,2018/2019,Durant,44
"Tue, 27 Nov",Orlando,W116-110,15-7,Durant  6,Durant  9,2018/2019,Durant,49
"Fri, 30 Nov",Toronto,L131-128 OT,15-8,Durant  11,Livingston  7,2018/2019,Durant,51
"Sun, 2 Dec",Detroit,L111-102,15-9,Thompson  8,Durant  7,2018/2019,Durant,28
"Tue, 4 Dec",Atlanta,W128-111,16-9,Thompson  8,Durant  8,2018/2019,Curry,30
"Thu, 6 Dec",Cleveland,W129-105,17-9,Durant  10,Durant  9,2018/2019,Curry,42
"Sat, 8 Dec",Milwaukee,W105-95,18-9,Iguodala  8,Curry  8,2018/2019,Thompson,20
"Tue, 11 Dec",Minnesota,W116-108,19-9,Green  10,Green  7,2018/2019,Curry,38
"Thu, 13 Dec",Toronto,L113-93,19-10,Durant  7,Green  7,2018/2019,Durant,30
"Sat, 15 Dec",Sacramento,W130-125,20-10,Green  14,Green  10,2018/2019,Curry,35
"Tue, 18 Dec",Memphis,W110-93,21-10,Curry  7,Durant  5,2018/2019,Durant,23
"Thu, 20 Dec",Utah,L108-103,21-11,Green  12,Livingston  5,2018/2019,Curry,32
"Sun, 23 Dec",Dallas,W120-116,22-11,Durant  12,Durant  8,2018/2019,Durant,29
"Mon, 24 Dec",Los Angeles,W129-127,23-11,Durant  12,Green  6,2018/2019,Curry,42
"Wed, 26 Dec",Los Angeles,L127-101,23-12,Durant  7,Durant  7,2018/2019,Iguodala,23
"Fri, 28 Dec",Portland,L110-109 OT,23-13,Green  11,Durant  11,2018/2019,Curry,29
"Sun, 30 Dec",Portland,W115-105,24-13,Green  9,Curry  8,2018/2019,Thompson,32
"Tue, 1 Jan",Phoenix,W132-109,25-13,Curry  9,Green  7,2018/2019,Curry,34
"Fri, 4 Jan",Houston,L135-134 OT,25-14,Green  11,Green  8,2018/2019,Curry,35
"Sun, 6 Jan",Sacramento,W127-123,26-14,Jerebko  8,Durant  9,2018/2019,Curry,42
"Wed, 9 Jan",New York,W122-95,27-14,Green  11,Curry  14,2018/2019,Thompson,43
"Sat, 12 Jan",Chicago,W146-109,28-14,McKinnie  8,Curry  8,2018/2019,Thompson,30
"Mon, 14 Jan",Dallas,W119-114,29-14,Jerebko  8,Green  7,2018/2019,Curry,48
"Wed, 16 Jan",Denver,W142-111,30-14,Looney  12,Green  13,2018/2019,Curry,31
"Thu, 17 Jan",New Orleans,W147-140,31-14,Durant  15,Green  14,2018/2019,Curry,41
"Sat, 19 Jan",Los Angeles,W112-94,32-14,Green  8,Green  9,2018/2019,Curry,28
"Tue, 22 Jan",Los Angeles,W130-111,33-14,Cousins  9,Curry  12,2018/2019,Thompson,44
"Fri, 25 Jan",Washington,W126-118,34-14,Green  15,Green  7,2018/2019,Curry,38
"Sun, 27 Jan",Boston,W115-111,35-14,Green  11,Green  8,2018/2019,Durant,33
"Tue, 29 Jan",Indiana,W132-100,36-14,Curry  6,Iguodala  8,2018/2019,Curry,26
"Fri, 1 Feb",Philadelphia,L113-104,36-15,Green  8,Green  10,2018/2019,Curry,41
"Sun, 3 Feb",Los Angeles,W115-101,37-15,Cousins  10,Durant  11,2018/2019,Thompson,28
"Thu, 7 Feb",San Antonio,W141-102,38-15,Durant  8,Durant  9,2018/2019,Thompson,26
"Sat, 9 Feb",Phoenix,W117-107,39-15,Durant  8,Curry  7,2018/2019,Thompson,25
"Mon, 11 Feb",Miami,W120-118,40-15,Green  7,Green  14,2018/2019,Durant,39
"Wed, 13 Feb",Utah,W115-108,41-15,Cousins  10,Durant  7,2018/2019,Durant,28
"Thu, 14 Feb",Portland,L129-107,41-16,Bell  9,Thompson  8,2018/2019,Curry,32
"Fri, 22 Feb",Sacramento,W125-123,42-16,Cousins  10,Green  8,2018/2019,Curry,36
"Sun, 24 Feb",Houston,L118-112,42-17,Cousins  14,Curry  7,2018/2019,Durant,29
"Tue, 26 Feb",Charlotte,W121-110,43-17,Cousins  11,Green  10,2018/2019,Thompson,26
"Thu, 28 Feb",Miami,L126-125,43-18,Curry  6,Durant  5,2018/2019,Thompson,36
"Fri, 1 Mar",Orlando,L103-96,43-19,Cousins  11,Curry  6,2018/2019,Curry,33
"Sun, 3 Mar",Philadelphia,W120-117,44-19,Green  9,Green  10,2018/2019,Durant,34
"Wed, 6 Mar",Boston,L128-95,44-20,Cousins  9,Green  5,2018/2019,Curry,23
"Sat, 9 Mar",Denver,W122-105,45-20,Green  10,Durant  6,2018/2019,Thompson,39
"Mon, 11 Mar",Phoenix,L115-111,45-21,Green  11,Curry  8,2018/2019,Thompson,28
"Thu, 14 Mar",Houston,W106-104,46-21,Cousins  8,Cousins  7,2018/2019,Thompson,30
"Sun, 17 Mar",Oklahoma City,W110-88,47-21,Thompson  8,Cousins  6,2018/2019,Curry,33
"Tue, 19 Mar",San Antonio,L111-105,47-22,Curry  7,Curry  8,2018/2019,Curry,25
"Wed, 20 Mar",Minnesota,W117-107,48-22,Green  10,Durant  9,2018/2019,Curry,36
"Fri, 22 Mar",Indiana,W112-89,49-22,Cousins  11,Curry  7,2018/2019,Cousins,19
"Sun, 24 Mar",Dallas,L126-91,49-23,Cousins  6,Cook  7,2018/2019,Durant,25
"Mon, 25 Mar",Detroit,W121-114,50-23,Curry  9,Durant  11,2018/2019,Curry,26
"Thu, 28 Mar",Memphis,W118-103,51-23,Curry  10,Curry  7,2018/2019,Curry,28
"Sat, 30 Mar",Minnesota,L131-130 OT,51-24,Durant  12,Durant  7,2018/2019,Curry,37
"Mon, 1 Apr",Charlotte,W137-90,52-24,Bogut  8,Durant  9,2018/2019,Curry,25
"Wed, 3 Apr",Denver,W116-102,53-24,Cousins  13,Green  9,2018/2019,Cousins,28
"Fri, 5 Apr",Los Angeles,W108-90,54-24,Cousins  10,Durant  8,2018/2019,Cousins,21
"Sat, 6 Apr",Cleveland,W120-114,55-24,Green  8,Durant  8,2018/2019,Curry,40
"Mon, 8 Apr",Los Angeles,W131-104,56-24,Green  10,Green  9,2018/2019,Curry,27
"Wed, 10 Apr",New Orleans,W112-103,57-24,Cousins  12,Cousins  6,2018/2019,Cousins,21
"Fri, 25 Oct",Los Angeles,L141-122,0-1,Looney  9,Russell  8,2019/2020,Curry,23
"Sun, 27 Oct",Oklahoma City,L120-92,0-2,Curry  8,Curry  5,2019/2020,Curry,23
"Tue, 29 Oct",New Orleans,W134-123,1-2,Green  17,Curry  11,2019/2020,Curry,26
"Thu, 31 Oct",Phoenix,L121-110,1-3,Russell  7,Russell  6,2019/2020,Paschall,20
"Sat, 2 Nov",San Antonio,L127-110,1-4,Chriss  9,Russell  8,2019/2020,Russell,30
"Sun, 3 Nov",Charlotte,L93-87,1-5,Robinson III  9,Bowman  4,2019/2020,Paschall,25
"Tue, 5 Nov",Portland,W127-118,2-5,Paschall  13,Bowman  8,2019/2020,Paschall,34
"Thu, 7 Nov",Houston,L129-112,2-6,Robinson III  11,Bowman  4,2019/2020,Burks,28
"Sat, 9 Nov",Minnesota,L125-119 OT,2-7,Russell  9,Russell  5,2019/2020,Russell,52
"Sun, 10 Nov",Oklahoma City,L114-108,2-8,Lee  7,Russell  7,2019/2020,Russell,30
"Tue, 12 Nov",Utah,L122-108,2-9,Cauley-Stein  11,Russell  8,2019/2020,Russell,33
"Thu, 14 Nov",Los Angeles,L120-94,2-10,Spellman  7,Russell  8,2019/2020,Russell,21
"Sat, 16 Nov",Boston,L105-100,2-11,Green  11,Russell  7,2019/2020,Burks,20
"Mon, 18 Nov",New Orleans,L108-100,2-12,Paschall  7,Burks  5,2019/2020,Paschall,30
"Wed, 20 Nov",Memphis,W114-95,3-12,Green  10,Green  11,2019/2020,Burks,29
"Thu, 21 Nov",Dallas,L142-94,15-50,Paschall  7,Poole  7,2019/2020,Paschall,22
"Sat, 23 Nov",Utah,L113-109,3-14,Paschall  7,Bowman  5,2019/2020,Burks,20
"Tue, 26 Nov",Oklahoma City,L100-97,3-15,Paschall  10,Chriss  7,2019/2020,Robinson III,25
"Thu, 28 Nov",Chicago,W104-90,4-15,Spellman  11,Green  8,2019/2020,Paschall,25
"Sat, 30 Nov",Miami,L122-105,4-16,Bowman  7,Chriss  6,2019/2020,Poole,20
"Sun, 1 Dec",Orlando,L100-96,4-17,Cauley-Stein  12,Green  7,2019/2020,Robinson III,19
"Tue, 3 Dec",Atlanta,L104-79,4-18,Paschall  9,Paschall  6,2019/2020,Paschall,24
"Thu, 5 Dec",Charlotte,L106-91,4-19,Cauley-Stein  7,Green  6,2019/2020,Russell,18
"Sat, 7 Dec",Chicago,W100-98,5-19,Robinson III  7,Bowman  6,2019/2020,Robinson III,20
"Tue, 10 Dec",Memphis,L110-102,5-20,Cauley-Stein  8,Russell  7,2019/2020,Burks,18
"Thu, 12 Dec",New York,L124-122 OT,5-21,Green  10,Green  12,2019/2020,Russell,32
"Sat, 14 Dec",Utah,L114-106,5-22,Chriss  13,Chriss  5,2019/2020,Burks,24
"Mon, 16 Dec",Sacramento,L100-79,5-23,Cauley-Stein  5,Russell  8,2019/2020,Cauley-Stein,14
"Thu, 19 Dec",Portland,L122-112,5-24,Chriss  10,Russell  7,2019/2020,Russell,26
"Sat, 21 Dec",New Orleans,W106-102,6-24,Burks  8,Green  8,2019/2020,Russell,25
"Tue, 24 Dec",Minnesota,W113-104,7-24,Green  14,Burks  8,2019/2020,Russell,30
"Wed, 25 Dec",Houston,W116-104,8-24,Lee  15,Bowman  6,2019/2020,Lee,22
"Sat, 28 Dec",Phoenix,W105-96,9-24,Lee  8,Russell  6,2019/2020,Russell,31
"Sun, 29 Dec",Dallas,L141-121,9-25,Lee  12,Green  8,2019/2020,Russell,35
"Wed, 1 Jan",San Antonio,L117-113 OT,9-26,Chriss  11,Green  9,2019/2020,Burks,28
"Fri, 3 Jan",Minnesota,L99-84,9-27,Paschall  7,Green  6,2019/2020,Robinson III,16
"Sun, 5 Jan",Detroit,L111-104,9-28,Burks  7,Burks  5,2019/2020,Burks,27
"Tue, 7 Jan",Sacramento,L111-98,9-29,Cauley-Stein  9,Cauley-Stein  5,2019/2020,Robinson III,16
"Thu, 9 Jan",Milwaukee,L107-98,9-30,Cauley-Stein  11,Green  8,2019/2020,Burks,19
"Sat, 11 Jan",Los Angeles,L109-100,9-31,Burks  8,Burks  5,2019/2020,Spellman,17
"Sun, 12 Jan",Memphis,L122-102,9-32,Green  8,Paschall  5,2019/2020,Russell,34
"Wed, 15 Jan",Dallas,L124-97,9-33,Robinson III  7,Russell  8,2019/2020,Poole,17
"Fri, 17 Jan",Denver,L134-131 OT,9-34,Green  8,Russell  9,2019/2020,Burks,25
"Sun, 19 Jan",Orlando,W109-95,10-34,Paschall  9,Russell  12,2019/2020,Russell,26
"Tue, 21 Jan",Portland,L129-124 OT,10-35,Paschall  13,Russell  9,2019/2020,Burks,33
"Thu, 23 Jan",Utah,L129-96,10-36,Chriss  8,Lee  4,2019/2020,Russell,26
"Sat, 25 Jan",Indiana,L129-118,10-37,Robinson III  7,Green  11,2019/2020,Russell,37
"Wed, 29 Jan",Philadelphia,L115-104,10-38,Green  9,Green  12,2019/2020,Russell,28
"Fri, 31 Jan",Boston,L119-104,10-39,Lee  7,Green  7,2019/2020,Russell,22
"Sun, 2 Feb",Cleveland,W131-112,11-39,Russell  7,Green  16,2019/2020,Robinson III,22
"Tue, 4 Feb",Washington,W125-117,12-39,Paschall  10,Robinson III  7,2019/2020,Burks,30
"Thu, 6 Feb",Brooklyn,L129-88,12-40,Chriss  7,Poole  4,2019/2020,Russell,17
"Sun, 9 Feb",Los Angeles,L125-120,12-41,Chriss  9,Bowman  11,2019/2020,Chriss,26
"Tue, 11 Feb",Miami,L113-101,12-42,Chriss  9,Green  9,2019/2020,Lee,26
"Thu, 13 Feb",Phoenix,L112-106,12-43,Chriss  12,Green  9,2019/2020,Wiggins,27
"Fri, 21 Feb",Houston,L135-105,12-44,Paschall  6,Green  7,2019/2020,Wiggins,22
"Mon, 24 Feb",New Orleans,L115-101,12-45,Wiggins  10,Bowman  7,2019/2020,Lee,22
"Wed, 26 Feb",Sacramento,L112-94,12-46,Chriss  10,Lee  4,2019/2020,Chriss,21
"Fri, 28 Feb",Los Angeles,L116-86,12-47,Chriss  7,Poole  8,2019/2020,Paschall,23
"Sun, 1 Mar",Phoenix,W115-99,13-47,Bender  9,Lee  8,2019/2020,Paschall,25
"Mon, 2 Mar",Washington,L124-110,13-48,Chriss  13,Poole  7,2019/2020,Wiggins,27
"Wed, 4 Mar",Denver,W116-100,14-48,Wiggins  5,Wiggins  10,2019/2020,Wiggins,22
"Fri, 6 Mar",Toronto,L121-113,14-49,Chriss  12,Paschall  8,2019/2020,Curry,23
"Sun, 8 Mar",Philadelphia,W118-114,15-49,Chriss  10,Chriss  8,2019/2020,Lee,24
"Wed, 23 Dec",Brooklyn,L125-99,0-1,Chriss  8,Curry  10,2020/2021,Curry,20
"Fri, 25 Dec",Milwaukee,L138-99,0-2,Wiseman  8,Curry  6,2020/2021,Curry,19
"Mon, 28 Dec",Chicago,W129-128,1-2,Oubre Jr.  11,Curry  6,2020/2021,Curry,36
"Wed, 30 Dec",Detroit,W116-106,2-2,Wiggins  7,Curry  6,2020/2021,Curry,31
"Sat, 2 Jan",Portland,L123-98,2-3,Curry  8,Curry  5,2020/2021,Curry,26
"Mon, 4 Jan",Portland,W137-122,3-3,Wiseman  11,Green  8,2020/2021,Curry,62
"Tue, 5 Jan",Sacramento,W137-106,4-3,Curry  9,Curry  8,2020/2021,Curry,30
"Thu, 7 Jan",Los Angeles,L108-101,4-4,Green  6,Green  6,2020/2021,Paschall,19
"Sat, 9 Jan",Los Angeles,W115-105,5-4,Wiggins  6,Curry  11,2020/2021,Curry,38
"Mon, 11 Jan",Toronto,W106-105,6-4,Curry  9,Green  10,2020/2021,Wiggins,17
"Wed, 13 Jan",Indiana,L104-95,6-5,Wiseman  9,Green  10,2020/2021,Wiggins,22
"Fri, 15 Jan",Denver,L114-104,6-6,Curry  11,Green  7,2020/2021,Curry,35
"Sat, 16 Jan",Phoenix,Postponed,,,,2020/2021,,
"Tue, 19 Jan",Los Angeles,W115-113,7-6,Green  8,Green  9,2020/2021,Curry,26
"Thu, 21 Jan",San Antonio,W121-99,8-6,Curry  11,Curry  7,2020/2021,Curry,26
"Fri, 22 Jan",New York,L119-104,8-7,Wiggins  9,Green  8,2020/2021,Curry,30
"Sun, 24 Jan",Utah,L127-108,8-8,Curry  7,Curry  7,2020/2021,Curry,24
"Tue, 26 Jan",Minnesota,W130-108,9-8,Wiggins  6,Oubre Jr.  4,2020/2021,Curry,36
"Thu, 28 Jan",Minnesota,W123-111,10-8,Looney  10,Curry  8,2020/2021,Wiseman,25
"Fri, 29 Jan",Phoenix,L114-93,10-9,Wiseman  6,Green  6,2020/2021,Curry,27
"Sun, 31 Jan",Detroit,W118-91,11-9,Wiseman  9,Curry  7,2020/2021,Curry,28
"Wed, 3 Feb",Boston,L111-107,11-10,Curry  11,Curry  8,2020/2021,Curry,38
"Fri, 5 Feb",Dallas,W147-116,12-10,Oubre Jr.  8,Green  15,2020/2021,Oubre Jr.,40
"Sun, 7 Feb",Dallas,L134-132,12-11,Toscano-Anderson  10,Green  15,2020/2021,Curry,57
"Tue, 9 Feb",San Antonio,L105-100,12-12,Toscano-Anderson  11,Green  10,2020/2021,Curry,32
"Wed, 10 Feb",San Antonio,W114-91,13-12,Oubre Jr.  10,Green  11,2020/2021,Curry,32
"Fri, 12 Feb",Orlando,W111-105,14-12,Oubre Jr.  10,Green  11,2020/2021,Curry,40
"Sun, 14 Feb",Brooklyn,L134-117,14-13,Oubre Jr.  10,Green  8,2020/2021,Curry,27
"Tue, 16 Feb",Cleveland,W129-98,15-13,Paschall  8,Green  16,2020/2021,Curry,36
"Thu, 18 Feb",Miami,W120-112 OT,16-13,Bazemore  8,Curry  11,2020/2021,Bazemore,26
"Sat, 20 Feb",Orlando,L124-120,16-14,Curry  7,Curry  11,2020/2021,Curry,29
"Sun, 21 Feb",Charlotte,L102-100,16-15,Green  7,Wanamaker  5,2020/2021,Oubre Jr.,25
"Wed, 24 Feb",New York,W114-106,17-15,Green  9,Green  12,2020/2021,Curry,37
"Thu, 25 Feb",Indiana,W111-107,18-15,Green  9,Green  11,2020/2021,Curry,24
"Sat, 27 Feb",Charlotte,W130-121,19-15,Green  12,Green  19,2020/2021,Curry,29
"Mon, 1 Mar",Los Angeles,L117-91,19-16,Wiseman  8,Curry  7,2020/2021,Paschall,18
"Thu, 4 Mar",Portland,L108-106,19-17,Green  9,Green  12,2020/2021,Curry,35
"Fri, 5 Mar",Phoenix,L120-98,39-33,Wiseman  11,Mannion  6,2020/2021,Poole,26
"Fri, 12 Mar",Los Angeles,L130-104,19-19,Wiggins  8,Poole  4,2020/2021,Wiggins,15
"Sun, 14 Mar",Utah,W131-119,20-19,Green  12,Green  12,2020/2021,Curry,32
"Tue, 16 Mar",Los Angeles,L128-97,20-20,Wiseman  8,Green  6,2020/2021,Curry,27
"Thu, 18 Mar",Houston,W108-94,21-20,Green  12,Green  10,2020/2021,Poole,23
"Sat, 20 Mar",Memphis,W116-103,22-20,Green  11,Green  13,2020/2021,Wiggins,40
"Sun, 21 Mar",Memphis,L111-103,22-21,Wiggins  9,Toscano-Anderson  6,2020/2021,Poole,26
"Wed, 24 Mar",Philadelphia,L108-98,22-22,Oubre Jr.  10,Green  6,2020/2021,Oubre Jr.,24
"Fri, 26 Mar",Sacramento,L141-119,22-23,Wiggins  10,Poole  5,2020/2021,Wiggins,26
"Sat, 27 Mar",Atlanta,L124-108,22-24,Wiggins  7,Green  9,2020/2021,Wiggins,29
"Tue, 30 Mar",Chicago,W116-102,23-24,Oubre Jr.  11,Green  9,2020/2021,Curry,32
"Fri, 2 Apr",Miami,L116-109,23-25,Curry  11,Green  8,2020/2021,Curry,36
"Sat, 3 Apr",Toronto,L130-77,23-26,Oubre Jr.  7,Mannion  4,2020/2021,Wiggins,15
"Mon, 5 Apr",Atlanta,L117-111,23-27,Oubre Jr.  11,Green  11,2020/2021,Curry,37
"Wed, 7 Apr",Milwaukee,W122-121,24-27,Wiseman  10,Green  8,2020/2021,Curry,41
"Sat, 10 Apr",Washington,L110-107,24-28,,,2020/2021,,
"Sun, 11 Apr",Houston,W125-109,25-28,,,2020/2021,,
"Tue, 13 Apr",Denver,W116-107,26-28,,,2020/2021,,
"Thu, 15 Apr",Oklahoma City,W147-109,27-28,,,2020/2021,,
"Fri, 16 Apr",Cleveland,W119-101,28-28,,,2020/2021,,
"Sun, 18 Apr",Boston,L119-114,28-29,,,2020/2021,,
"Tue, 20 Apr",Philadelphia,W107-96,29-29,,,2020/2021,,
"Thu, 22 Apr",Washington,L118-114,29-30,,,2020/2021,,
"Sat, 24 Apr",Denver,W118-97,30-30,,,2020/2021,,
"Mon, 26 Apr",Sacramento,W117-113,31-30,,,2020/2021,,
"Wed, 28 Apr",Dallas,L133-103,31-31,,,2020/2021,,
"Fri, 30 Apr",Minnesota,L126-114,31-32,,,2020/2021,,
"Sun, 2 May",Houston,W113-87,32-32,,,2020/2021,,
"Tue, 4 May",New Orleans,W123-108,33-32,,,2020/2021,,
"Wed, 5 May",New Orleans,L108-103,33-33,,,2020/2021,,
"Fri, 7 May",Oklahoma City,W118-97,34-33,,,2020/2021,,
"Sun, 9 May",Oklahoma City,W136-97,35-33,,,2020/2021,,
"Tue, 11 May",Utah,W119-116,36-33,,,2020/2021,,
"Wed, 12 May",Phoenix,W122-116,39-33,,,2020/2021,,
"Sat, 15 May",New Orleans,W125-122,39-33,,,2020/2021,,
"Wed, 20 Oct",Los Angeles,W121-114,1-0,Bjelica  11,Curry  10,2021/2022,Curry,21
"Fri, 22 Oct",Los Angeles,W115-113,2-0,Curry  10,Green  7,2021/2022,Curry,45
"Mon, 25 Oct",Sacramento,W119-107,3-0,Porter Jr.  9,Curry  10,2021/2022,Curry,27
"Wed, 27 Oct",Oklahoma City,W106-98,4-0,Green  9,Green  8,2021/2022,Curry,23
"Fri, 29 Oct",Memphis,L104-101 OT,4-1,Green  12,Curry  8,2021/2022,Curry,36
"Sun, 31 Oct",Oklahoma City,W103-82,5-1,Green  11,Green  8,2021/2022,Curry,20
"Thu, 4 Nov",Charlotte,W114-92,6-1,Green  10,Curry  9,2021/2022,Poole,31
"Sat, 6 Nov",New Orleans,W126-85,7-1,Green  8,Iguodala  10,2021/2022,Poole,26
"Mon, 8 Nov",Houston,W120-107,8-1,Porter Jr.  9,Green  9,2021/2022,Poole,25
"Tue, 9 Nov",Atlanta,W127-113,9-1,Curry  7,Curry  10,2021/2022,Curry,50
"Thu, 11 Nov",Minnesota,W123-110,10-1,Looney  17,Iguodala  8,2021/2022,Wiggins,35
"Sat, 13 Nov",Chicago,W119-93,11-1,Looney  10,Green  7,2021/2022,Curry,40
"Mon, 15 Nov",Charlotte,L106-102,11-2,Looney  8,Curry  10,2021/2022,Wiggins,28
"Wed, 17 Nov",Brooklyn,W117-99,12-2,Curry  7,Green  8,2021/2022,Curry,37
"Fri, 19 Nov",Cleveland,W104-89,13-2,Lee  6,Green  14,2021/2022,Curry,40
"Sat, 20 Nov",Detroit,W105-102,14-2,Looney  12,Toscano-Anderson  9,2021/2022,Poole,32
"Mon, 22 Nov",Toronto,W119-104,15-2,Green  14,Curry  8,2021/2022,Poole,33
"Thu, 25 Nov",Philadelphia,W116-96,16-2,Green  9,Curry  10,2021/2022,Curry,25
"Sat, 27 Nov",Portland,W118-103,17-2,Green  8,Green  12,2021/2022,Curry,32
"Sun, 28 Nov",Los Angeles,W105-90,18-2,Porter Jr.  10,Green  7,2021/2022,Curry,33
"Wed, 1 Dec",Phoenix,L104-96,18-3,Green  11,Green  5,2021/2022,Poole,28
"Sat, 4 Dec",Phoenix,W118-96,19-3,Green  9,Green  9,2021/2022,Curry,23
"Sun, 5 Dec",San Antonio,L112-107,19-4,Curry  8,Green  9,2021/2022,Curry,27
"Tue, 7 Dec",Orlando,W126-95,20-4,Poole  7,Curry  8,2021/2022,Curry,31
"Thu, 9 Dec",Portland,W104-94,21-4,Green  10,Green  8,2021/2022,Curry,22
"Sun, 12 Dec",Philadelphia,L102-93,21-5,Curry  9,Curry  5,2021/2022,Poole,23
"Tue, 14 Dec",Indiana,W102-100,22-5,Green  9,Curry  6,2021/2022,Curry,26
"Wed, 15 Dec",New York,W105-96,23-5,Green  11,Green  7,2021/2022,Curry,22
"Sat, 18 Dec",Boston,W111-107,24-5,Looney  10,Green  8,2021/2022,Curry,30
"Sun, 19 Dec",Toronto,L119-100,24-6,Toscano-Anderson  10,Chiozza  7,2021/2022,Kuminga,26
"Tue, 21 Dec",Sacramento,W113-98,25-6,Green  11,Green  10,2021/2022,Curry,30
"Fri, 24 Dec",Memphis,W113-104,26-6,Porter Jr.  9,Green  9,2021/2022,Curry,46
"Sat, 25 Dec",Phoenix,W116-107,27-6,Looney  10,Green  10,2021/2022,Curry,33
"Wed, 29 Dec",Denver,L89-86,27-7,Wiggins  8,Curry  4,2021/2022,Curry,23
"Fri, 31 Dec",Denver,Postponed,,,,2021/2022,,
"Sun, 2 Jan",Utah,W123-116,28-7,Porter Jr.  7,Curry  9,2021/2022,Curry,28
"Tue, 4 Jan",Miami,W115-108,29-7,Green  8,Green  13,2021/2022,Poole,32
"Thu, 6 Jan",Dallas,L99-82,29-8,Payton II  11,Curry  5,2021/2022,Wiggins,17
"Fri, 7 Jan",New Orleans,L101-96,29-9,Looney  9,Iguodala  7,2021/2022,Wiggins,21
"Mon, 10 Jan",Cleveland,W96-82,30-9,Looney  18,Curry  5,2021/2022,Curry,28
"Wed, 12 Jan",Memphis,L116-108,30-10,Curry  10,Curry  10,2021/2022,Curry,27
"Fri, 14 Jan",Milwaukee,L118-99,30-11,Curry  8,Curry  4,2021/2022,Wiggins,16
"Sat, 15 Jan",Chicago,W138-96,31-11,Looney  12,Bjelica  7,2021/2022,Kuminga,25
"Mon, 17 Jan",Minnesota,L119-99,31-12,Looney  12,Porter Jr.  4,2021/2022,Poole,20
"Wed, 19 Jan",Detroit,W102-86,32-12,Kuminga  10,Curry  8,2021/2022,Thompson,21
"Fri, 21 Jan",Indiana,L121-117 OT,32-13,Looney  15,Curry  8,2021/2022,Curry,39
"Sat, 22 Jan",Houston,W105-103,33-13,Looney  12,Curry  12,2021/2022,Curry,22
"Mon, 24 Jan",Utah,W94-92,34-13,Porter Jr.  8,Curry  6,2021/2022,Poole,20
"Wed, 26 Jan",Dallas,W130-92,35-13,Bjelica  10,Curry  7,2021/2022,Kuminga,22
"Fri, 28 Jan",Minnesota,W124-115,36-13,Curry  8,Curry  6,2021/2022,Curry,29
"Sun, 30 Jan",Brooklyn,W110-106,37-13,Looney  15,Curry  8,2021/2022,Wiggins,24
"Tue, 1 Feb",Houston,W122-108,38-13,Looney  14,Curry  9,2021/2022,Curry,40
"Wed, 2 Feb",San Antonio,W124-120,39-13,Looney  12,Toscano-Anderson  7,2021/2022,Poole,31
"Fri, 4 Feb",Sacramento,W126-114,40-13,Kuminga  7,Thompson  7,2021/2022,Thompson,23
"Tue, 8 Feb",Oklahoma City,W110-98,41-13,Curry  9,Curry  10,2021/2022,Thompson,21
"Thu, 10 Feb",Utah,L111-85,41-14,Curry  7,Wiggins  4,2021/2022,Poole,18
"Fri, 11 Feb",New York,L116-114,41-15,Thompson  7,Curry  10,2021/2022,Curry,35
"Sun, 13 Feb",Los Angeles,W117-115,42-15,Looney  12,Curry  8,2021/2022,Thompson,33
"Tue, 15 Feb",Los Angeles,L119-104,42-16,Porter Jr.  8,Looney  5,2021/2022,Curry,33
"Thu, 17 Feb",Denver,L117-116,42-17,Looney  9,Curry  6,2021/2022,Curry,25
"Fri, 25 Feb",Portland,W132-95,43-17,Kuminga  8,Curry  14,2021/2022,Curry,18
"Mon, 28 Feb",Dallas,L107-101,43-18,Looney  10,Curry  10,2021/2022,Curry,27
"Wed, 2 Mar",Minnesota,L129-114,43-19,Wiggins  7,Looney  5,2021/2022,Curry,34
"Fri, 4 Mar",Dallas,L122-113,43-20,Looney  9,Curry  9,2021/2022,Poole,23
"Sun, 6 Mar",Los Angeles,L124-116,43-21,Porter Jr.  10,Poole  5,2021/2022,Curry,30
"Tue, 8 Mar",Denver,L131-124,43-22,Looney  11,Chiozza  8,2021/2022,Poole,32
"Wed, 9 Mar",Los Angeles,W112-97,44-22,Wiggins  11,Kuminga  6,2021/2022,Kuminga,21
"Fri, 11 Mar",Denver,W113-102,45-22,Curry  9,Poole  7,2021/2022,Curry,34
"Sun, 13 Mar",Milwaukee,W122-109,46-22,Kuminga  11,Curry  8,2021/2022,Thompson,38
"Tue, 15 Mar",Washington,W126-112,47-22,Kuminga  8,Curry  6,2021/2022,Curry,47
"Thu, 17 Mar",Boston,L110-88,47-23,Looney  8,Looney  4,2021/2022,Poole,29
"Mon, 21 Mar",San Antonio,L110-108,47-24,Porter Jr.  16,Bjelica  6,2021/2022,Poole,28
"Tue, 22 Mar",Orlando,L94-90,47-25,Porter Jr.  15,Green  7,2021/2022,Poole,26
"Wed, 23 Mar",Miami,W118-104,48-25,Looney  16,Poole  9,2021/2022,Poole,30
"Fri, 25 Mar",Atlanta,L121-110,48-26,Looney  8,Poole  10,2021/2022,Thompson,37
"Sun, 27 Mar",Washington,L123-115,48-27,Porter Jr.  11,Green  6,2021/2022,Poole,26
"Tue, 29 Mar",Memphis,L123-95,48-28,Kuminga  7,Kuminga  4,2021/2022,Poole,25
"Thu, 31 Mar",Phoenix,L107-103,48-29,Green  10,Poole  7,2021/2022,Poole,38
"Sun, 3 Apr",Utah,W111-107,49-29,Green  9,Green  7,2021/2022,Thompson,36
"Mon, 4 Apr",Sacramento,W109-90,50-29,Bjelica  12,Bjelica  6,2021/2022,Wiggins,25
"Fri, 8 Apr",Los Angeles,W128-112,51-29,Porter Jr.  8,Poole  11,2021/2022,Thompson,33
"Sun, 10 Apr",San Antonio,W100-94,52-29,Green  13,Poole  8,2021/2022,Poole,18
